Type,Full Name,Nickname,AgeMonth,Breed
Dog,Widget,Widget,60,Mini Dachshund
Dog,Stella Bo Bella,Stella,78,Mutt
Cat,Meryl Streep,Merrill,96,Unknown
Dog,Tilly,Tills,156,Chocolate Labrador
Cat,Pumpkin,Pumpkin,144,Unknown
Dog,Peter Peter Pumpkin Eater,Petey,60,Pitbull
Cat,Jacques,Jacques,144,Unknown
Dog,Remy,Rem,12,Unknown
Dog,Oreo,Oreo,84,Some Kind Of Mix
Dog,Ljus  ,Ljus,36,Golden Retriever
Dog,Bambi,Bambs,36,Unknown
Cat,Marie Curie,Marie,36,Unknown
Cat,Clarence,Clarence,144,Russian Blue
Dog,Layla the Tank,Layla,36,Pitbull
Cat,Amber,Ambs,120,Tortoise Shell
Dog,Benny And The Jets,Ben,12,"Mixed - Mastiff, Great Dane"
Dog,Milo,Milo,84,Bichon Frise
Dog,Mocha,Mocha,36,"Mixed - Pitbull, Terrier"
Dog,Shadow,Shadow,180,Golden Retriever
Cat,Little Bit,Skittles,120,Tabby
Dog,Luna,Luna,12,Great Pyrenees
Cat,Garrison,Garrison,108,Russian Blue
Dog,Cody,Baby Pookie,156,"Mixed - Black Lab, Cocker Spaniel "
Hamster,Hammy,Ham,12,Russian Dwarf Hamster
Cat,Zoey,Zoey,156,Cat
Dog,Oatmeal,Oatmeal,12,Golden Retriever
Dog,Ginger,Nugget,120,Chihuahua
Cat,Lucy,Lucy,48,Russian Blue
Dog,Starbuck Louise,Starbuck,48,Goldendoodle
Dog,Mocha Antoinette,Mocha,84,Mutt
Dog,Oscar,Oscar,120,Shepherd Retriever Mix
Cat,Serena,Mouse Pie,204,Domestic Long Haired
Cat,Maxine Waters,Maxine,48,Unknown
Dog,Magnolia Mae,Noli,30,"Mixed - Great Pyrenees, Lab"
Dog,George Cooper,Georgie,24,Golden Retriever
Dog,Cayenne,Cayenne,96,German Shepherd
Cat,Pip,Pip,132,Tuxedo
Dog,Olive Oil,Olive,24,Australian Shepherd
Rabbit,Iggy,Igs,36,Lop
Rabbit,Ziggy,Zigs,36,Angora
Dog,Brook,Brookie,84,Golden Retriever
Dog,Sparkie,Spark,48,Mutt
Dog,Max,Maxie,192,"Mixed - Carin Terrier,  Kerry Blue Terrier,  Keeshond"
Dog,Howard,Howie,120,American Staffordshire Terrier Mix
Cat,Samantha Bee,Sam,36,Tuxedo
Dog,Ella Fitzgerald,Ella,144,Unknown
Cat,Chanel,Teeny,78,Unknown
Betta Fish,Commander Ambrose,The Commander,2,Betta
Dog,Josephine Bakes,Josie,60,"Mixed - Pit Bull, Lab"
Dog,Lennie,Lennie,24,Treeing Tennessee Brindle
Cat,Obsidian Jazz Paws,Ojp,12,Feral
Cat,Scotty,Scotty,96,Domestic Short Hair
Cat,Macallan,Mac,96,Unknown
Dog,Cody James,Buddy,18,Golden Retriever
Dog,Jake,Jake,24,"Mixed - Golden Retriever, Husky, Shepherd, Jack Russell"
Cat,Katie,Boo,108,Tuxedo Moggy
Dog,Gail,Gail,36,Treeing Tennessee Brindle
Hamster,Bella,Bella,24,Russian Dwarf Hamster
Cat,June Bug,June Bug,60,Unknown
Dog,Lucky,Luck,36,"Mixed - Beagle, Jack Russell"
Dog,Darcy,Darcy,36,Working Cocker Spaniel
Cat,Neko,Neko,72,Domestic Short Hair
Cat,Maisy,Maisy,84,Unknown
Dog,Luke Anakin,Luke,108,Golden Retriever
Dog,Sadie,Sadie Pot Pie,120,Mixed
Dog,Hazel Nut,Hazel,36,Australian Shepherd
Cat,Mongoose,Goosey,5,Unknown
Cat,Flerf,Bab,192,Tortie
Dog,Bourbon,Bourbon,36,Mixed
Dog,Riley,Smiley Riley,156,Golden Retriever
Cat,Murphy,Murph,156,Domestic Short Hair
Dog,Mr. Nubs,Mr. Nubs,192,Corgi
Cat,Mackerel,Mack,5,Unknown
Cat,Regis,Regis ,120,Unknown
Cat,Laetynne Marah,Lae Lae,84,Siamese
Cat,Callie,Callie,180,Domestic Short Hair
Dog,Bentley,Bentley Boy,36,Australian Labradoodle
Cat,Crumb Bun,Bobo,108,Tuxedo Garbage Cat
Dog,Fenway,Fenway,72,Boston Terrier
Dog,Benelli,Name,36,Black Lab
Turtle,Lenny,Lenny,144,Unknown
Dog,Washington The Destroyer,Wash,78,Chocolate Lab
Cat,Otto,Otto,192,Unknown
Dog,Philomenos,Philo,108,Portuguese Water Dog
Dog,Stampy Wiggles,Stampy,120,Goldendoodle
Dog,Jasmine,Jaz,60,Golden Retriever
Dog,Emma,Puppy,12,Chocolate Lab
Dog,Winston,Wintin,48,Wire-haired Mutt
Dog,Torchenay Be Cool,Max,156,Beagle
Cat,Petunia Marie,Tooney,84,Domestic Shorthair Tabby
Dog,Brutus,Brutus,84,Yellow Labrador Retriever
Cat,Louis,Loulou,54,Black Cat
Cat,Lilah May,Lilah,144,Domestic Shorthair-black
Dog,Lucu,Puppy,84,"Mixed - Black Lab,  Blue Heeler"
Dog,Mosephine,Mo,12,Standard Poodle
Dog,Abegeweit,Abi ,192,Fox Terrier Mix
Dog,Kramer,Kray Kray,144,Golden Retriever
Bird,Coco Moe,Coco,180,Cockatiel
Cat,Apollo,Beeper,12,Unknown
Dog,Rusty,Wusty,60,Golden Lab
Dog,Demi,Dems,72,Mixed
Dog,Alfredog,Alfie,132,Mutt - Mostly Jack Russell
Rabbit,Professor Nibblesworth Bunnypants,Nibbles,72,Netherland Dwarf
Dog,Shorty Do-op,Shorty,180,Mutt
Dog,Penny,Penny,36,Australian Shepherd
Dog,Tuxedo,Tux,48,Schnauzer
Dog,Sally,Sally,84,Golden Retriever
Dog,Lola,Lola,72,Mixed Breed
Cat,Noodle,Noodle,48,Domestic Medium Haired
Dog,Gustav,Goober,120,German Shepherd
Hamster,Charlie,Charlie,18,Syrian
Dog,Poppy Sue Galushka Clementine,Poppy,48,Treeing Walker Coonhound
Dog,Duke,Duke,36,Australian Shepherd
Dog,Millie,Mills,84,Jack Russel Terrier
Dog,Sir Winston Of Weston,Winston ,120,Golden Retriever
Cat,Bucky,Bucks,24,Norwegian Forest Cat
Dog,Angus Ogdog Dogga Mcduff,Angus,Unknown,West Highland Terrier
Cat,Spot,Spotty Bear,48,Domestic Short Hair
Cat,Cookie,Cooks,24,Ragdoll
Dog,Lady,Doofus,72,Chocolate Labrador RetrieverMix
Dog,Maggie Peaches,Maggie,156,Bichon Poodle
Cat,Amelia,Amelita,24,Unknown
Dog,Camembert,Cami,60,Bernese Mountain Dog
Dog,Shadow,Shadow,36,Saluki
Dog,Archer,Archer,36,Golden Retriever
Dog,Robbie,Robz,18,Whippet
Cat,Noah,Noah,24,Unknown
Cat,Lovey Cat,Lovey,216,Unknown
Dog,Roxy,Roxy,96,Pitbull
Dog,Ashton Sebastian,Ash,108,"Mixed - Pit Bull, Unknown"
Dog,Maximum,Max,120,Puggle
Dog,Rosalind Pearl,Rosie,60,Border Collie Mix
Rabbit,Lena,Lena,96,Dwarf Rabbit
Hamster,Beauxbaton,Beau,30,Winter White
Dog,Chyna,Chyna,192,Little Terrier Poodle Mix
Dog,Sadie,Sadie,48,Cockapoo
Dog,Flynn,Flynn,2,Corgi
Cat,Felicity Louise,Flick,48,Domestic Short Hair
Goldfish,James Pond,James,60,Goldfish
Cat,Mars,Mars,96,Domestic Short Hair
Dog,Loki,Loki,36,Unknown
Cat,Millie,Mill,156,Domestic Short Hair
Dog,Trixie,Trix,36,"Mixed - Toy Fox Terrier ,  Yorkie"
Dog,Birdy,Birdy,48,Pomeranian Mix
Cat,Charlotte Wallace,Chuck,96,Cat
Cat,Thumper Dumper Bumble Butt,Thumper,192,Domestic Short Hair
Dog,Vince,Vincie,132,Yellow Lab
Dog,Cobert,Cob,24,Dalmatian
Betta Fish,Little Prince,Lp,24,Unknown
Dog,Jack Daniel,Jackie,36,Chocolate Lab
Dog,Crinkle,Crinkle,84,Mongrel
Dog,Maisy Lynn Marie,Mimsy,72,Beagle Mix
Dog,Beemer,Beemo,84,Aussie Doodle
Guinea Pig,Rosencrantz Wgp,Rosie,36,Unknown
Cat,Michelin,Michelin,168,Unknown
Dog,Mac,Mac,60,"Mixed - Boxer, Mastiff "
Dog,Maximillion Taxi,Max,108,Labrador RetrieverMix
Dog,Krypto,Dinky,72,Golden Retriever
Cat,Piper,Pippin,60,Cat
Dog,Bo Jangles,Bo,2.375,"Mixed - Husky, Boxer"
Cat,Slinkey,Slonk,60,Unknown
Dog,Brixton,Brixie,12,Golden Retriever
Dog,Jasper,Jasper,120,Miniature Labradoodle
Cat,Tabitha,Tabber,96,Unknown
Dog,Shadow Montgomery,Lovebug,24,Golden Retriever
Betta Fish,Vitale Male The Hot Tamale Who Has A Cooking Show With Mario Batale,Vitale,12,Betta
Cat,Ramona,Meemo,48,Unknown
Dog,Scout,Scout,168,Beagle
Cat,Cocoa,Cokes,144,Tuxedo Shorthair
Cat,Napoleon,Deviled Egg,24,Unknown
Dog,Libby,Libby,144,Golden Retriever
Dog,Jasper Tucker Oaf,Jasper,132,Black Lab
Cat,Clarissa Fluffnugget,Clary,24,Domestic Long Haired
Dog,Tazmanian Devik,Taz,108,Mutt
Dog,Iggy Pup,Iggy,12,Miniature Double Doodle
Dog,Lilly,Lilly,144,Labrador Retriever
Dog,Furrdinand,Furrdie,120,Pomeranian
Dog,Monster Mayhem,Doodle,96,Dachshund
Dog,Watson,Watson,72,Labrador Retriever
Dog,Shine,Shine,144,Hound Mix
Dog,Freeney Schnurpel,Freenster,156,Shih Tzu
Dog,Bella Jean,Bella,Unknown,"Mixed - Chihuahua, Yorkie "
Dog,Ratchet,Ratchie,60,"Mixed - Pug, Dachshund"
Dog,Clifford,Clifford,48,Clumber Spaniel
Dog,Goose,Gooby,12,Rat Terrier Mix
Cat,Cricket,Crickby,90,Domestic Long Haired
Dog,Magnus,Munchkin,84,Cairn Terrier
Cat,Baby Kitty,Baby Kitty,84,Kitty Cat
Dog,Shilohs Dixie Skye,Dixie,96,Mini Schnauzer
Dog,Bootsie,Bootstoots,204,Trrrier Mixed
Cat,Bowie,Kitty Boy,2,Tuxedo Cat
Dog,Mindy,Mindy,120,Black Lab
Dog,Spock,Spock,84,Mix
Dog,Merlin,Mer dog,144,Chesapeake Bay Retriever
Dog,Sylvia Plath,Sylvia,36,German Shorthaired Pointer
Dog,Smokey Neyland,Smo,108,Schnoodle
Dog,Rufus Tee Hilderbrec,Rufus,132,Shih Tzu
Dog,Baillie,B,84,Border Collie
Dog,Sebastian,Bash,12,Maltipoo
Cat,Mika Joe,Mika,108,Siamese
Dog,Tess,Tess,156,Border Collie Cross
Dog,Zorro,Z,96,Long Haired Chihuahua
Dog,Deacon,Deac,132,Chesapeake Bay Retriever
Cat,Sir Charles Chickenhock Chaplin The Teleporting Dot,Charlie,132,Unknown
Cat,Ally,Al,48,Cat
Rabbit,Gandalf,Gandalf,120,Lionhead
Cat,Lucas Adam Wilkins,Luke,120,Tabby
Dog,Robert Ferguson Mooney,Bobby,72,Golden Retriever
Dog,James Buchanan Barnes,Bucky,24,Unknown
Dog,Buddy Boy,Buddy,192,Cocker Spaniel
Cat,Cleo,Dump,24,Cat
Dog,Belle Watling,Belle,24,Maltese
Dog,Magladon Wagladon,Maggie,12,Old English Sheepdog
Dog,Bella,Bella,168,Unknown
Horse,Half Pint,Half Pint,72,Unknown
Cat,Leah Suji Wilkins,The Squeak Aka Squeakerfish,120,Tabby
Dog,Sophie,Sophie,132,Golden Retriever
Cat,Mitsy,Mitsy,48,Unknown
Dog,Stewart Little,Stewie,192,Pomeranian
Dog,Sadie,Sadie,2,Golden Retriever
Dog,Ashley Wilkes,Ash,132,"Mixed - Yorkshire Terrier, poodle"
Cow,Daisy The Cow,Daisy,36,Unknown
Dog,Oliver Jospeh Andrew,Oliver,Unknown,Golden Mix
Dog,Rhett,Rhetters,144,English Springer Spaniel
Cat,Emma May Wilkins,Emma,48,Tortie
Cat,Hashtag Anamara Mainecoon,Hashtag,72,Maine Coon
Betta Fish,Caroline Gravel,Gravel,24,Betta
Dog,Lily,Lil,60,Golden Retriever
Cat,Arthur Fonzarelli,Fonzie,144,Part Maine Coon
Cat,Vriska Serket,Vriska,96,Domestic Short Hair
Cat,Fabio,Fabio,36,Unknown
Dog,Cookie,Cookiemonster,96,Shih Tzu
Dog,Brutus,Brutus,120,"Mixed - Great White Pyrenees, Yellow Lab"
Dog,Ralph,Ralph,12,Golden Retriever
Dog,Kurt,Kurtis,24,Black Mouth Cur
Dog,Lyra Cristina,Lyra,2,Mixed Breed
Dog,Bailey Bear,Bay Girl,72,"Mixed - Lab, German Shepherd"
Dog,Brooklyn,Brooklyn,24,Beagle
Cat,Isabelle,Izzy,132,Tortoise Shell
Dog,Champion Craig,Champ,168,Beagle Mix
Cat,Kelly,Kelly,Unknown,Unknown
Dog,Lennox,Lenny,48,Shih Tzu
Dog,Sullivan Otis,Sulley,120,Catahoula Leopard
Cat,Oreo Vanilla Cookie,Nene,132,Unknown
Cat,Chessie,Chess,144,Siamese
Dog,Hank,Hanky Panky,12,Black Mouth Cur
Dog,Allie Nichols,Allie,60,Mutt
Dog,Lila,Lila,60,Newfoundland
Cat,Bubbles,Bubs,132,Chartreux
Dog,Liberty Louise,Libby,108,English Springer Spaniel
Cat,Sushi Charrito,Sush,24,Tuxedo Cat
Cat,Mouse,Mousepotato,36,Unknown
Cat,Kate,Katie,228,"Mixed - Tortie, Tortishell"
Dog,Jimmy,Jimmyjamsunshineman,60,Shih Tzu
Dog,Rocky,Rocko,108,Rottweiler
Dog,Sheldon Michael,Shel,84,"Mixed - Westin, Min Pin"
Dog,Jackson,Pupper,36,Australian Blue Cattle Dog
Cat,Midnight,Keek,228,American Shorthair
Dog,Maxwell Amos,Max,120,Catahoula Leopard
Cat,Angelina,Whitey,60,Unknown
Dog,Margaret Lewis,Maggie,132,Mutt
Dog,Ginger,Geeper Creeper,120,Golden Mix
Dog,Gator,Tate,96,"Mixed - Rottweiler, Irish Setter"
Dog,Badger,Badger,144,Dachshund
Dog,Beauregard,Beau,264,Golden Retriever
Dog,Buffy,Buffy And,96,"Mixed - Beagle, Jack Russell, Cow"
Dog,Duque,Duque,12,Mixes
Dog,Mika,Mika,60,Husky
Dog,Scarlett,Little Girl,96,Border Collie
Dog,Macy,Macy,132,Golden Retriever
Dog,Gromit Walker,Gromit,96,Golden Retriever
Cat,Ms. Kitty,Ms. Kitty,192,Unknown
Dog,Gracie Lou Freebush,Gracie,108,"Mixed - Black Lab, Angel"
Dog,River,River,36,Husky
Ferret,Leo,Lehoe,12,Unknown
Dog,Olaf,Olaf,48,Chihuahua
Dog,Buttons,Buttons ,24,Beagle
Dog,Stevie James,Steve,108,Maltipoo
Dog,Mila,Crusty,168,Rottweiler Mix
Dog,Murphy,Murph,60,Golden Retriever
Cat,Tiger,Tiggy,60,Unknown
Cat,Edna Lou,Breadna,60,Unknown
Cat,Princess Purdy,Purdy,132,Domestic Long Haired
Cat,Squidward,Squid,12,Domestic Short Hair
Dog,Oscar The Amazing Velcrodog,Oscar,144,Terrier Mix
Dog,Poppy,Poppy,48,Shih Tzu
Cat,Daisy Dukerson,Daisy,60,Unknown
Cat,Tigger,Tigger,204,Tabby
Cat,Bubbles,Bubby,72,Unknown
Cat,Prince Charlie,Charlie,132,Domestic Long Haired
Dog,Ellie Mae,Ellie,156,Cocker Spaniel
Dog,Snowy,Snow,132,Shih Tzu
Dog,Bruno,Bruno,48,Border Collie
Cat,Twitch,Twitch,132,Domestic Short Hair
Dog,Mona,Mona,Unknown,Bluetick Beagle
Cat,Harley Davidson,Har Mar,108,Unknown
Cat,Ted Kennedy,Teddy,12,Domestic Short Hair
Dog,Yaz,Yazzy,132,"Mixed - Golden Retriever, Border Collie"
Dog,Princess Leia Organa,Princess,Unknown,Mutt
Dog,Oakley,Oak,36,Shih Tzu
Dog,Tinkerbell,Tinky,48,Chihuahua
Cat,Bella,Bella,48,Maine Coon Mix
Cat,Fup,Fup,120,Unknown
Dog,Beckett,Beckett,108,Golden Retriever
Cat,Fudge,Fubdge,36,Ginger
Cat,Lady Luck,Lucky,132,Domestic Short Hair
Cat,Moose,Moose,48,Maine Coon Mix
Dog,Logan,Logan,120,Black Lab
Dog,Daisy Grace,Daisy,96,Mix
Cat,Leela,The Cat,120,Domestic Short Hair
Cat,Ellie,Ellie phant,108,Calico
Cat,Her Royal Highness The Princess Blaze,Blaze,108,Domestic Short Hair
Cat,Phillipe Robert Jean Luc Tugboat toot! Toot!,Phillipe,48,Manx Cat
Cat,Alexander Dappercat,Alex,108,Domestic Short Hair
Dog,Lila Betterhalf,Lila,156,Greyhound
Cat,Darling,Baby Girl,168,Manx Cat
Cat,Smokey,Mr Moke,144,British Short-hair
Cat,Jezebel,Jez,168,Himalayan
Dog,Tula Jean,Tula,12,Unknown
Cat,Edison D. Cat,Eddie,108,Domestic Short Hair
Cat,Redford,Rasa,144,Unknown
Dog,Odin,Odin,12,Mix
Dog,Annie Piker,Annie,96,Greyhound
Dog,Rusty,Rusty,48,Golden Retriever
Cat,Thomas,tom old Man,216,Domestic Short Hair
Cat,Fleckchen,Monster,84,European Shorthair
Dog,Stella Luna,Stella,48,Labrador RetrieverMix
Cat,Fay Fuller,Fay,36,Unknown
Dog,Pancho Villa,Pacho,144,Pug
Dog,Waldo,Waldo,108,Cockapoo
Cat,Luna,Kuschelmaus,96,European Shorthair
Dog,Yadier,Yadi,48,Golden Retriever
Dog,Ruby Gem,Ruby,48,Terrier Mix
Dog,Buddygus,Buddy,5,Golden Retriever
Dog,Homer,Homie,60,Springer Spaniel
Dog,Pippie,Pippie,24,"Mixed - Pit Bull,  Bassett Hound "
Dog,Parker,NaN,72,Beagle
Dog,Chipper Doodle,Chip,144,Chocolate Lab
Dog,Jack,Jack,84,Labrador Retriever
Dog,Xena Warrior Pinscher,Xena,168,Miniature Pinscher
Dog,Gabby,Gabby,24,Golden Retriever
Dog,Rosebud,Rosie,120,Beagle
Dog,Cooper,Coopee,120,"Mixed - Yorkshire Terrier, poodle"
Dog,Shakota,Shakota,144,Siberian Husky
Dog,Wilbur,Wilby,84,"Mixed - French, English Bulldog"
Dog,Finn T. Dog,Finn,12,Weimaraner
Cat,Wilma,Wilma Jean The Queen,24,Orange Tabby
Dog,Baylee,Baylee Boo,24,Unknown
Dog,Sprocket,Bark,Unknown,Mutt
Cat,Peppercorn Ale,Pepper,168,Unknown
Cat,Stanley,Stan The Handsome Man,12,Orange Tabby
Bird,Ahanu,Ahanu,156,Caique
Dog,Sophie,Sophie,156,Maltese Mix
Dog,Sasha,Chunk,12,"Mixed - Lab, Shepherd"
Bird,Perkins The Parakeer,Perkins,36,Parakeet
Dog,Kookie  Pants,Noodle,180,Jack Russell Terrier
Dog,Miss Maisy Cakes,Maisy,12,Rescue Mutt
Dog,Han Solo,Solo,36,English Cocker Spaniel
Dog,Lillith Anne,Lily,72,Alaskan Husky
Dog,Michelangelo,Mikey,132,English Cocker Spaniel
Dog,Freddie Beagle,Fred,132,Beagle
Dog,Pieper,Pooper,48,Unknown
Betta Fish,Toilet Mimosa Gillan,Togimi,12,Betta
Dog,Jacob,Jake,72,Alaskan Husky
Lizard,Drazil Marie,Drazil,48,Bearded Dragon Lizard
Dog,Titus Augustus,Tidy,108,American Foxhound
Dog,Cirrus,Cirrus,24,Poodle
Dog,Shelby,Shelby,168,Labrador Retriever
Dog,Nimbus,Nimbus,6,Poodle
Dog,Finn,Finn,12,Cavalier King Charles Spaniel
Cat,Kitten Kitten Kittycat,Kitty,168,American Longhair
Dog,Tessie Joan ,Tessie,84,American Foxhound
Dog,Ginger,Ginger,144,Golden Retriever
Dog,Sadie,Sadie,72,Golden Retriever
Dog,Flicka,Flicky,144,Labrador Retriever
Dog,Koda Kingslayer,Koda,24,Golden Retriever
Dog,Flicka,Flicky,144,Labrador Retriever
Dog,Maggie,Ms America,84,Golden Retriever
Dog,Henry ,Henry,12,Brittany
Dog,Megan,Puppy,120,Mutt
Cat,Dantes Infurno,Dante,84,Maine Coon
Cat,Gatsby,Gatsby,2,"Mixed - Stray, Black"
Cat,Tyrone,Tyrone,12,Unknown
Dog,Hopper T. Dog,Hops,72,Golden Retriever
Dog,Snickers,Snickers,120,Beagle Mix
Cat,Tommy Toe,Tommy,36,Unknown
Cat,Wheels,Wheels,192,Unknown
Dog,Venkman,Venk,60,Golden Retriever
Cat,Maisie,Maisie,2,"Mixed - Stray, Black"
Dog,Murphy,Murph,Unknown,Cocker Spaniel
Dog,Maggie,Schmieg,144,Golden Retriever
Cat,Lin Meow Miranda,Lin,36,American Shorthair
Dog,Jasmine,Jasmine,156,Golden Retriever
Dog,Hurley Pearly Sky-sky,Hurley,84,Shih Tzu
Dog,Queso,Queso,168,Golden Retriever
Dog,Breezy Anne,Breezy,60,German Shepherd
Dog,Riley,Riley,84,Golden Retriever
Fish,Fishy Fishy Fishy Iii,Fishy,2,Siamese Fighting Fish
Dog,Homer J,Homer,120,Basenji Mix
Dog,Tucker,Tucker,84,Golden Retriever
Cat,Kitty Vegas,Vegas,72,Domestic Long Haired
Dog,Abby,Abby,36,"Mixed - Pit Bull, Lab, Beagle, Chihuahua , General Mutt"
Dog,Cooper Triple Bogey,Coop,2,Golden Retriever
Dog,Shelby,Shelby,12,"Mixed - Blue Tick Coonhound , Mountain Cur"
Cat,Dr Gaius Baltar,Gusgus,120,Russian Blue
Dog,Oakley Dalton,Oaks,72,Unknown
Dog,Lucy Lou,Goose,108,Golden Retriever
Cat,April,April,168,Unknown
Cat,Vasquez,Vasquez,84,Domestic Shorthair-tortoise
Dog,Niles Crane,Niles,48,Border Collie
Dog,Little Lucky One,Lucky,156,Chihuahua
Dog,Benjamin Sebastian,Benjamin,84,Collie Basset Hound Mix.
Dog,Siris Maximus,Sirius,60,Alaskan Husky
Dog,Blaze,Blaze,60,Labrador Retriever
Dog,Brody,Brody,132,Yorkshire Terrier
Cat,Ripley,Chubby Chubs,48,Domestic Short Hair
Dog,Director Of Chaos,D.O.C.,48,Boxer
Cat,Josh Joshua Joshylin,Josh,72,Tuxedo Cat
Cat,Lisa,Lisa,Unknown,Unknown
Dog,Cody,Codes,132,Golden Retriever
Cat,Nepeta,Nepeta,24,Short Haired
Dog,Emma,Rotta,72,Mittelspitz
Cat,Leeloo Dallas Multipass,Leeloo,108,Laperm
Dog,Isabella Grace,Bella,84,Maltese
Dog,Cookie Boogie,Boogie,36,Unknown
Cat,Cataria,Tarie,24,Unknown
Dog,Salina,Salina,24,Hound Mix
Dog,Theodore James,Theo,60,Maltese
Dog,Ofelia,Ofie Lofie,180,Norwich Terrier
Dog,Hermie,Hermie,42,"Mixed - Chocolate Lab, Pit "
Gecko,Turtle,Turtle,60,Unknown
Dog,Jackson Baines Hardin,Jackson,168,"Mixed - Shepherd, Unknown"
Cat,Tali'zorah Vas Normandy,Tali,108,Laperm
Dog,Rudy,Rudy,144,Black Lab
Guinea Pig,Teddy,Teddy,36,Unknown
Dog,Chuchi,Baby Chu,108,Toy Poodle
Dog,Belle Silver,Bobo,36,Brittany
Goldfish,Fish,Swish,84,Unknown
Dog,Phoebe Buffay,Phoeb,54,Staffordshire Terrier
Dog,Precious Presley,Presley,12,Labrador RetrieverMix
Cat,Boots,Fuckoff,120,Black Cat With White Feet
Dog,Sarah Jessica Parker,Parker,96,Beagle
Dog,Princess Leah,Leah,96,Miniature Schnauzer
Cat,Zeus,Zeus,24,Unknown
Dog,Mr Duke Of Carol Stream,Boo boo,120,Labrador Retriever
Dog,Bruno Mars,Bruno,48,Shih Tzu
Cat,Persephone,Persey,24,Unknown
Dog,Reggie,Reg,96,Border Collie
Cat,Momo,Momo,108,Domestic Short Hair
Dog,Twixie,Gooben,24,Unknown
Dog,Kody,Kode,120,Golden Retriever
Dog,Maverick Clinton,Maverick,120,Labrador Retriever
Cat,Abbey Road,Abbey,36,Domestic Long Haired
Cat,Naga,Naga,72,Domestic Short Hair
Dog,Sven,Bean,60,German Shepherd
Dog,Lola,Lola,132,Poodle Mix
Dog,Sophie,Sophie,24,Rottweiler
Cat,Stinky Pete,Pete And,216,Just A Regular Cat
Cat,Gozer,Gozey,144,Black Cat
Dog,Lily Potter,Lil,24,German Shepherd
Dog,Dougie Mcfly,Dougie,132,Cairn Terrier
Dog,Rileyroo,Riley,24,Mutt
Dog,Dobby,Boober,48,Pembroke Welsh Corgi
Cat,Sir Edward Julius Robert Kittybutt Iii,Eddie,192,Tiger Cat
Goldfish,Chu-chu,Chu chu,Unknown,Ranchu
Dog,Lando,Lando,60,Bernese Mountain Dog
Dog,Tucker Paul,Tuck Tuck,72,Pitbull
Dog,Schnitzel Von Krumm,Ninnel,132,Miniature Dachshund
Dog,Wrigley,Wriglry Pigley,156,Beagle
Dog,Wally,Wal,12,Golden Retriever
Dog,Snickers,Doodle,132,Beagle
Dog,Charlie,Charlie,108,Cockapoo
Dog,Pepper,Pep,2.375,Cocker Spaniel
Dog,Brownie,Brownie,156,Beagle
Cat,Maow,Kitkat,168,Unknown
Dog,Echo,Beck,36,Corgi Mix
Dog,Banky,Banky,120,Basset Hound
Dog,Koda,Koda,72,Chihuahua
Dog,Clifford,Cliff,72,Labrador Mix
Dog,Coco,Coco Bear,84,Morkie
Dog,Charlie,Charlie,96,Pitbull
Dog,Mojo,Moj,60,Chiweenie
Horse,Wizarding Wonder,Wizwo,144,Shire X Tb
Dog,Hank,Hank,24,Boxer Mix
Horse,Thunderhawk,Thunder,252,Spanish Mustang
Dog,Sebastian,Fritz,180,"Mixed - Italian Greyhound, Jack Russell"
Horse,Cielo,Piglet,48,Unknown
Cat,Bebop Vincent,Beebs,60,Domestic Short Hair
Horse,Thalia,Thalia,48,Unknown
Horse,Morganna La Fey,Morganna,180,Unknown
Cat,Maja,Maja,168,Unknown
Dog,Hank,Hanky,24,Yellow Lab
Dog,Ella,Ells Bells,174,Cocker Spaniel
Dog,Frappuccino,Frappie,84,Labradoodle
Horse,Texas Pony Smoke,Monster,24,Unknown
Dog,Gracie,Grace,144,Shitz Zu
Horse,Khan,Khan,36,Spanish Mustang
Dog,Phoebe,Phoebe,24,Goldendoodle
Dog,Uma Strawn Mcguire,Uma,48,Golden Mix
Dog,Buster,Boop Squared,156,Terrierist
Horse,Reno,Reno,Unknown,Unknown
Cat,Sketchy Missouri,Sketchy,144,Tortoise Shell
Dog,Eva Marie,Eva,36,Chihuahua
Horse,Boogieman,Boogie,60,Unknown
Dog,Mia Hamm,Mia,132,Golden Retriever
Cat,Charlie,Charile,216,Tabby
Dog,Alia Atreides,Allie,60,Mutt
Horse,Legacy,Legacy,180,Unknown
Horse,Mambo No. 5,Mambo,24,Spanish Mustang
Cat,Zoey,Zoe,48,Unknown
Dog,Lexie,Lex,2,Golden Retriever
Horse,Mato Mahui,Mato,24,Unknown
Dog,Bernard,Bernard,60,Boxer
Horse,Starflowers Jezebel,Jezebel,48,Spanish Mustang
Cat,Jenna Nicole Rhea Lopez Horn,Jenna Jenna,96,Unknown
Dog,Myles - His Roman Name Is Squirtacus Mylonius,Myles,120,Cockapoo
Horse,Diamond Lily,Lily,84,Unknown
Dog,Millie,Millie,114,"Mixed - Shepherd, Unknown"
Horse,Gypsy Rose Lee,Gypsy,72,Unknown
Goldfish,Butters,Butters,0.24,Goldfish
Dog,Bodhi,Bo,72,Golden Retriever
Dog,Mooch,Mooch,108,Terrier Mix
Dog,Piper,Pipes,48,"Mixed - Welsh Terrier, Poodle"
Cat,Ramona,Ramona,144,Unknown
Dog,Charles,Charlie,120,Corgi
Horse,Morning Glory,Glory,Unknown,Unknown
Dog,Willow,Willow,36,Sheepadoodle
Horse,Morning Mist,Misty,Unknown,Unknown
Dog,Glamis Schedule K1,Kona,60,Golden Retriever
Dog,Bandit Raye,Bandi,144,Farm Dog
Horse,Syndicated Copper,Copper,Unknown,Unknown
Cat,Cleo,Cleo,156,Domestic short-haired
Cat,Sebastian Ninja Nutjob,Sebastian,132,Domestic Short Hair
Dog,Anderson,Andy,144,Labrador RetrieverMix Rescue
Dog,Mars Harambe,Pickle,36,Catahoula Mix
Dog,Claudio Atlas Wolfric,Claudio,96,Dachshund
Rabbit,Flufy,Flufy,120,Lionhead
Dog,Lawson H Dog,Hogan,192,Briard
Cat,Smudge The Second,Deuce,48,Himalayan
Dog,Tucker,Tucker,12,Bully Mix
Cat,Echo,Echo,216,Unknown
Dog,Ames,Ames,60,Husky
Dog,Franc,Franc,12,Mastiff Cross
Cat,Winnie,Winnie,12,Unknown
Cat,Tiggy,NaN,12,Unknown
Dog,Oliver Jackson,Oliver,66,Morkie
Dog,Dolly Doodle Dogger,Dolly,72,Labradoodle
Cat,Ann Perkins,Ann,6,Mixed
Dog,Cassie,Cassie,60,Mix
Cat,Kisa Marie,Kisa,72,Unknown
Dog,Logan,Logan Brogran,24,Rhodesian Ridgeback
Dog,Basil,Basil,84,"Mixed - Lab, German Shepherd"
Dog,Marble,Marble,60,"Mixed - Plott, Coonhound "
Dog,Hollie,Hollie,168,Westie
Dog,Cash Money,Cashie,24,Labrador Retriever
Dog,Seamus,Shamie Bameee,132,Rhodesian Ridgeback
Cat,William Robert,Billy,36,Unknown
Dog,Nash,Nash,24,Labrador Retriever
Cat,Spoons,Spoons,36,Calico
Cat,Arizona,Arizona,84,"Mixed - Domestic Shorthair, Orange Tabby"
Dog,Sian Ben Ryan,Sian,168,Westie
Dog,Bear 2,Bear,90,Retriever Mix
Cat,Banjo,Banj,36,Domestic short-haired
Chinchilla,Fossedini Heraldo Macduff,Fosse,120,Unknown
Cat,Princess Melanie,Melanie,60,Domestic Long Haired
Cat,Tiffany Marie,Tiffany,156,Domestic short-haired
Dog,Charles Barrath Mcintyre,Barry,72,Basset Hound
Dog,Margeurite Larioux Gonzales,Maggie,72,Chihuahua-lab
Dog,Rusty,Rusty,24,Fox Red Lab
Dog,Starfire,Star,180,Maltese Poodle
Dog,Nova,Nova,Unknown,Mixed Breed
Dog,Dinty,The Dint,60,Terrier Mix
Cat,Hamilton,Hammy Bits,36,Unknown
Dog,Kadie Jo,Kadie Jo,72,Labrador Retriever
Cat,Incandenza,Ink,36,Unknown
Cat,Fitzgerald,Fitz,96,Domestic Short Hair
Cat,Zelda,Zelda,96,Domestic Short Hair
Dog,Daisy Duke,Daisy,48,"Mixed - Siberian Husky, Brittany Spaniel Cross"
Guinea Pig,Stewie,Stewie,24,Unknown
Dog,Sunny Sunday Sky,Sunny,186,Beagle
Guinea Pig,Francisco,Cisco,24,Unknown
Horse,Dream On Chip,Diva,180,Appaloosa
Dog,Bailey,Bailey,36,Border Collie Mix
Horse,Tundra,Tundra,144,Mixed Breed
Dog,Bosco Spaghettio,Bosco,108,Border Collie Mix
Cat,Agnes Marie,Aggie Turd,24,Unknown
Dog,Tansei,Duffus,84,Shiba Inu
Cat,Edith,Eduf Monster,12,Unknown
Cat,Mini,Mimi,156,Tuxedo
Cat,Theodore,Ted,48,Persian
Dog,Molly,Molly,192,Golden Retriever
Dog,Duke Dukington,Duka,36,Chihuahua Mix
Cat,Oliver Newton,Ollie,48,Maine Coon
Dog,Prince Phillip The 2nd,Phillip,144,West Highland White Terrier
Cat,Starla,Starla,48,Domestic Short Hair
Dog,Petey,Petey Poopoo Head,132,West Highland White Terrier
Dog,President Nixon,Nixy,96,Mixed Breed
Dog,Daisy Doodle Fat Kid With Butt Spots,Daisy,48,Hound X
Dog,Benry Of Willowbrook,Benry,96,Golden Retriever
Dog,Qoda,Qoda,Unknown,Golden Retriever
Dog,Ziggy Starsog,Zig,18,Hound X
Dog,Samuel Labrador,Sam,156,Labrador
Hamster,Princess Consuela Banana Hammock,Banana,Unknown,Unknown
Dog,Bentley Boy,Bentley,156,"Mixed - Shi-tzu, Bichon"
Dog,Taco Belle,Taco,Unknown,Unknown
Dog,Pluto,Pluto,Unknown,Golden Retriever
Hamster,Scooter Computer,Scooter,24,Unknown
Dog,Toby,Toby,72,Beagle Mix
Dog,Harlee,Harlee,36,Anatolian Shepherd
Dog,Nessa,Nessa,12,Golden Retriever
Dog,Biscuit Bandit,Bandit,36,Labrador
Cat,Sophie,Fuzzbutt,24,Unknown
Dog,The Real Slim Sadie,Sadie,18,Golden Retriever
Dog,Quincy Sugarplum,Quincy,36,Golden Retriever
Dog,Skipper Doo,Skip,48,Yorkshire Terrier
Dog,Sam Ruffalo,Sam,72,"Mixed - Golden Retriever, Lab"
Dog,Brutus Buckeye,Brutus,Unknown,Golden Retriever
Dog,Crespo,Crespo,144,"Mixed - Shihtzu, Unknown"
Dog,Rossignol,Rozzie,Unknown,Siberian Husky
Hamster,Peaches,Peaches,36,Unknown
Dog,Pepper,Pepper,48,Mix
Dog,Amaya,Maya,72,Siberian Husky
Cat,Eloise,Ellie,120,Unknown
Cat,Olive,Ollie,48,Unknown
Cat,Kiki Buntain,Kiki,216,Mutt
Dog,Tiger,Tiger,144,Unknown
Dog,Bonnie,Bonnie,96,Westie
Dog,Abby,Abby,132,Cavalier King Charles Spaniel
Gecko,Gomez,Gomie,120,High Yellow Leopard Gecko
Dog,Cooper,Coop,84,Labrador
Dog,Chase,Chase,36,Husky Mix
Hamster,Steve Hammond,Steve,12,Russian Campbell
Dog,Riley Jenkins,Riley,48,Golden Retriever
Dog,Montgomery T Dog,Monty,24,Dalmatian Labrador Cross
Dog,Nana Roo,Nana,60,German Shepherd
Cat,Ella Grey,Ella,84,Unknown
Dog,Callie,Cal Gal ,36,Golden Retriever
Dog,Rocco Norbert,Rocco,120,"Mixed - Golden Retriever ,  Chow"
Dog,Jack,Jack,36,Terrier Something Or Other
Dog,Ted,Ted,12,Welsh Terrier
Snake,Desiree,Desiree,132,Rosy Boa
Dog,Jaida Lynn,Jaida,144,"Mixed - Black Labrador Retriever,  Terrier"
Snake,Gaia,Gaia,120,Dumerils Boa
Dog,Daisy Lulu,Daisy,108,Toy Poodle
Cat,Phillip,Phillip,192,Yellow Buddy Tabby
Cat,Sunni,Sunni,120,Birman
Cat,Nymeria,Nym,60,Domestic medium-haired
Cat,Scarlett,Scar,102,Unknown
Cat,Ink,Ink,12,Domestic medium-haired
Cat,Drew,Drewbeans,84,Unknown
Dog,Titus,Titus,84,Lab
Cat,Midna,Midna,96,Domestic short-haired
Dog,Cookie Asparagus,Cookie,132,Chihuahua Jack Russell Terrier
Dog,Tessa Leigh,Tessa,132,Labradoodle
Dog,Ali,Ali,60,Greyhound
Dog,Daisy,Daisy,48,Labrador RetrieverMix
Dog,Lucky,Luck Luck,60,Lab
Cat,Rex,Rex,84,Maine Coon
Dog,Harper Jean,Harper Jean,18,German Shepherd
Cat,Maverick,Maverick,24,Unknown
Hermit Crab,Rork,Rork,24,Unknown
Cat,Tina Fay,Tina,72,Unknown
Cat,Sophie,Sophie,48,Domestic short-haired
Dog,Max-well,Max,72,Golden Retriever
Dog,Mica,Mica,72,Labrador RetrieverMix
Cat,Patches,Patches,120,Tuxedo Cat
Cat,Asch,Asch,48,Domestic short-haired
Rat,Yuri,Yuri,12,Rat
Rat,Ravio,Ravio,12,Rat
Dog,Sylvester Balboa,Sly,72,Golden Retriever
Dog,Mia Roo,Mia,132,Australian Shepherd
Hamster,Melody,Melody,12,Winter White Hamster
Dog,Casper Tiberus,Casp,48,Mixed
Dog,Chummy,Chumbles,60,Labradoodle
Dog,Luna Bean,Luna,84,Italian Greyhound X Chihuahua
Gerbil,Brown Gerbil,Brown Gerb,24,Gerbil
Cat,Gabby Comacho,Cho Cho,192,Domestic Short Hair
Gerbil,White Gerbil,White Gerb,24,Gerbil
Dog,Sofie Tooter Scooter,Sofie,84,Chihuahua
Dog,Mojo,Mojo,60,Labradoodle
Dog,Grace,Grace,12,Mix
Cat,Misha,Misha,96,Tabby
Dog,Frankie,Frankie,12,Mix
Guinea Pig,Dollar Dollar Bills Y'all,Bill,24,Guinea Pig
Dog,Osa,Osa,108,"Mixed - Akita, Husky"
Dog,Dixie,Dixie,144,"Mixed - Pit Bull, Unknown"
Cat,Barnabas,Bucky,2,Mix
Dog,Nina,Nina,84,West Highland Terrier
Cat,Bitsy,Bitsy,180,Domestic Short Hair
Dog,Rachel,Rachel,96,Schnauzer
Dog,Piper,Piper,108,Labrador Retriever
Dog,Bella,Belly,120,Yorkshire Terrier
Dog,Queen Khaleesi,Queenie,144,Mountain Dog Mix
Cat,Pumpkin,Pumpkin,72,Unknown
Dog,Bridget,Bridgy,180,Mutt
Dog,Bodacious,Bodie,168,Labrador Retriever
Dog,Mama Rose,Rosie,84,Pitbull
Dog,Augustus,Gus,96,Golden Retriever
Cat,Sunshine,Sunshine,84,Tiger Stripe
Dog,Tater,Tater,Unknown,Labrador & Great Pieraneese
Cat,Millicent,Millie,72,Unknown
Hedgehog,Gustavus Ericius Hedgehog Of The North,Gus,18,Unknown
Dog,Beverly Ann,Beverlana,156,Golden Retriever
Dog,Cora Smalls,Cora,36,Havanese
Dog,Jasper,Jasper,192,"Mixed - Dalmation, Beagle"
Cat,Dust,Dust,12,Unknown
Dog,Caleb,Caliber,18,Blue Tick Coon Hound
Dog,Tonka,Tonks,96,Newfoundland
Bird,Spike,Spiker doodle,156,Cockatiel
Cat,Ash,Ashy Boy,108,Unknown
Cat,Blossom,Moose,60,British Long Hair
Cat,Violet,Violet,168,Short Hair
Cat,Thor,Thor,48,Unknown
Dog,Hank,Baby,24,Boxer
Dog,Brandy,Puddin,60,"Mixed - Lab, Pitbull"
Cat,Lily,Lillibutt,132,Short Hair
Dog,Sir Squeaksalot The Second,Twoie,108,Chinese Crested Powder Ouff
Cat,Buddy,Buddy Boi,48,Short Hair
Dog,Colby Jack,Jack,60,German Shepherd
Dog,Cooper,Coop,72,Labradoodle
Dog,Murphy,Murph,12,Goldendoodle
Dog,Phineas,NaN,84,Irish Soft-coated Wheaten Terrier
Dog,Peach,Peach,24,Mixed
Dog,Moose Alexander,Moose,2,Maltipoo
Cat,Eliza Goose,Eliza,24,Unknown
Guinea Pig,Nibbles,Nibsey,60,Short Hair
Cat,Chichi,Chichi,108,Tabby
Cat,Isabella,Izzy,48,Unknown
Dog,Ruby,Ruebs,72,Rhodesian Ridgeback
Dog,Ruby,Ruby,48,Labrador Retriever
Dog,Min Ottende Bold,Otte,108,Black Labrador Retriever
Dog,Min Fine Nimina Beana,Mina,72,Yellow Labrador
Dog,Lucy,Lu,36,Great Pyrenees
Cat,Belvedere,Biff,192,Shorthair Mackerel Tabby
Cat,Heaven,Kitty,96,Tortoise Shell
Dog,Lucy Lu,Luey,48,Basset Hound
Dog,Katniss Underfoot,Katniss,108,Pit Bull Ish
Dog,Sadie,Sayd,156,Border Collie
Dog,Coco  Chanel Mademoiselle,Coco,60,Golden Retriever
Dog,Maggie,Mags,96,Border Collie
Dog,Gunner Baker,Gunner,144,Lab
Rabbit,Lady Sybil,Lady,21,Holland Lop
Cat,Ashley Williams,Ash,96,Maine Coon
Dog,April In Paris,Paris,72,Golden Retriever
Rabbit,Colby,NaN,36,Unknown
Cat,Mister,Mister,24,American Shorthair
Cat,Goku,Tutu,24,Unknown
Goldfish,Miles,Miles,60,Goldfish
Cat,Fuzzball,Fuzzybutt,120,American Shorthair
Dog,Felix,Felix,24,Unknown
Cat,Benjamin,Ben,168,Unknown
Dog,Woodruff,Woody,120,"Mixed - Saint Bernard, Cocker Spaniel"
Cat,Tibby,Tib,36,Unknown
Dog,Kitty Take Your Gloves Off,Reba,96,Golden Retriever
Cat,Honey,Honey,84,Tabby
Dog,Mulligan,Mull,144,Golden
Dog,Loki,Loki Aka Goof Ball,2,Golden Retriever
Dog,Okemo,Okemo,96,Australian Cattle Dog
Dog,Beau,Beau,18,Golden Retriever
Cat,Lucy,Lucy,72,Unknown
Dog,Zack Attack,Zack,120,Golden Retriever
Dog,Kendall,Kendall,48,Hound Labrador RetrieverMix
Dog,Bailey,Bailey,12,"Mixed - Lab, Pointer"
Dog,Ranger,Ranger,132,"Mixed - German Shepherd, Husky"
Dog,Dan,Dan,144,"Mixed - Basenjji, Unknown"
Dog,Sir Maximillion Of Binghamton,Max,120,Golden Retriever
Dog,Freya,Freya,36,"Mixed - Pointer, Sharpei"
Dog,Jackson,Jax,168,Golden Mix
Dog,Kurama,Kdog,36,Unknown
Dog,Luchik,Luchik,60,White German Shepherd-husky
Dog,Pippi Hyde,Pippi,132,Cocker Spaniel
Cat,Scarlet,Purrincess Kitty,156,Domestic Short Hair
Dog,Pearly,Pearl,66,Husky Mix
Cat,Sebastian,Monkey,144,Domestic Short Hair
Dog,Walter,Walty,72,Spaniel Mix
Cat,Reeses Pieces,Reesie,24,Domestic Short Hair
Dog,Buddy Of Bailey's Irish Cream,Buddy,132,Black Lab
Dog,Belle,Belle,180,Golden Retriever
Cat,Sushi Roll,Sushi,18,American Bobtail
Dog,Zoe Marie,Zoe,72,German Shepherd
Dog,Wilson,Wilson,48,Labrador RetrieverMix
Cat,Mochi,Mochi,18,American Bobtail
Dog,Reesie,Reesie,168,Yorkshire Terrier
Cat,Sasuke,Sasuke,72,Mixed
Cat,Sasuke,Sasuke,72,Mixed
Dog,Bocephus Ray,Bo,72,German Shepherd
Dog,Gunner,Gunny,60,Yellow Lab
Dog,Stella,Stella,144,Daschund Mix
Dog,Bailey's Irish Cream,Bailey,Unknown,Black Golden Retriever
Cat,Abigail,Abby,96,Siamese
Dog,Poppy,Pops,192,Jack Russell
Dog,Nina,Beans,150,Flat Coated Retriever
Cat,Boris,Boris,36,Spinx
Cat,Smoochey,Moo Moo Cow,216,Domestic Short Hair
Cat,Toast Malone,Toast,60,Unknown
Cat,Hex,Hex,96,Unknown
Cat,Smudge Of Grey,Smudge,84,Unknown
Dog,Charlotte,Char,48,"Mixed - Beagle, Jack Russel"
Dog,Ms. Cuddles,Cuddles,165,Chiffon
Dog,Wayne Rooney,Roo,156,Border Collie
Dog,Snack,Snack,24,"Mixed - Rottweiler, Cocker Spaniel "
Cat,Skipper,Skips,192,Unknown
Cat,Nacho Bell Grande,Bean,12,Unknown
Dog,Hazel,Zelly,36,Golden Retriever
Dog,Luna Calamity Barnes,Luna,108,Mutt
Dog,Hiro Barnes,Hiro,60,Mutt
Dog,Ramsey,Ramsey,12,Labrador
Dog,Stella Diane,Stella,72,Havanese Type Mix
Dog,Trigger,Trig,48,Labrador Retriever
Cat,Noodle,Noodle,36,"Mixed - Calico, Domestic Shorthair"
Dog,Hlose,Hlose,120,Papillon Mix
Dog,Scout Mcgee,Scout,144,Spitz
Dog,Milo,Milo,24,Golden Retriever
Dog,Kolbie,Kolbie,120,Beagle
Dog,Rhyannon's Princess Nikita,Nikki,126,Siberian Husky
Cat,Scram,Scrammies,24,Domestic Medium Haired
Cat,Darwin,Cat,84,Unknown
Cat,Leo,Leo,192,Unknown
Cat,Kanga,Kanga,48,"Mixed - Calico, Tabby"
Rabbit,Winona,Winnie,24,Unknown
Cat,Bugaloo Bonzai,Bug,84,Unknown
Dog,Malcolm P. Dog,Malcolm,204,"Mixed - Mutt, Disaster"
Dog,Maxwell T. Bone,Max ,132,Chocolate Lab
Cat,Patches,Patch,96,Unknown
Dog,Indy,Indy,96,"Mixed - Poodle, Beagle"
Dog,Cody Fluffball,Cody,132,Golden Retriever
Dog,Fudge,Fudgie,72,"Mixed - Pug, Beagle "
Dog,Mia,Mia,156,Golden Retriever
Cat,Louie,Louie,48,Unknown
Cat,Mitzi Junebug Kandinsky,Mitzi,96,Unknown
Dog,Megan Gabriela Ortega,Moo,132,Boxer
Cat,Bernie,Bernie ,24,Domestic Long Haired
Dog,Bel,Bel,84,Cocker Spaniel
Dog,Artie,Artie Party,168,Golden Retriever
Dog,Snickers,Snickers,108,"Mixed - Beagle, German Shepherd "
Cat,Hazel,Hazel,48,Domestic Short Hair
Dog,Blue,Blue,84,Blue Heeler Mix
Dog,Wally,Wawa,24,Golden Retriever
Dog,Copper,Copper,120,Chihuahua Mix
Cat,Harold,Harry,12,Cat
Lizard,Birdie,Baby Liz,84,Unknown
Cat,Sir Jonathan Pooh Cat,Jonathan,120,Persian
Dog,Juliet,Jules,24,Pitbull
Cat,Scout,Scout,108,Tabby
Dog,Dasher,Dash,96,Spanador
Dog,Grace,Gracie,60,Labrador Retriever
Dog,Ruby,Ruby,144,Mutt
Bird,Nugget,Nugget,24,Ringneck Dove
Dog,Levi,Lee,72,Australian Shepherd
Dog,Elle Loki Bean,Bellie,12,Boxer Mix
Dog,Dorthea Dix,Doge,60,Golden Retriever
Dog,Layla Bo Peep,Layla,12,Puggle
Dog,Rocky,Rocky,144,Beagle Mutt
Dog,Tillith,Tilly,96,Hound Mix
Dog,Rollo,Rollo,42,Yellow Lab
Dog,Nisku,Nisku,24,G-shep Mix
Cat,Cat,Cat,96,Domestic Long Haired
Cat,Peaches,Peaches,60,Persian
Dog,Sadie Jo,Sadie,60,Yellow Labrador Retriever
Dog,Lady,Lady,108,Bernese Mountain Dog
Dog,Sammy Q,Sam,120,Golden Retriever
Cat,Cookie,Cookaroo,108,Siamese Mix
Cat,Pepper,Bebs,48,Tabby Mix
Cat,Ipod,Ipod,144,Unknown
Cat,Hank The Cowcat,Hank,144,Unknown
Dog,Oliver Phish,Oliver,24,"Mixed - Pit Bull, Unknown"
Dog,Cleopatra,Cleo,72,Italian Mastiff
Dog,Birdie,Birdir,12,Labradoodle
Dog,Murphy,Murph,12,Golden Retriever
Dog,Ryder,Ryder,168,"Mixed - Yellow Lab, Unknown"
Dog,Talani Snowmageddon,Milo,1.125,Golden Retriever
Dog,Winnie The Blue,Winnie,2,Pitbull
Dog,Scarlett,Scarlett,Unknown,Cavalier King Charles Spaniel
Dog,Gus,Gus,132,Golden Retriever
Dog,Dixie Marie,Dixie,96,St. Bernard
Dog,Heidi,Heidi,24,St. Bernard
Dog,Phin,Phin,24,St. Bernard
Dog,Jager,Jager,144,Labrador Retriever
Dog,Brown Bear,Bear,84,Unknown
Dog,Lucy,Lucy,48,Golden Retriever
Dog,Kahlua,Chicky chix,2,Mutt
Cat,Epinephrine,Epi,108,Mix
Dog,Baylei,Stinky,12,Silver Lab
Dog,Baylei,Stinky,12,Silver Lab
Cat,That Cat,T.C.,108,Mix
Dog,Rocky,Rocky,60,"Mixed - Pit Bull, Lab"
Bird,Buddy Ryan,Buddy,144,Unknown
Dog,Abigail,Abby,48,Pitbull
Dog,Kira,Kira,180,Beagle
Dog,Sammy,Sam Sam,72,"Mixed - Golden Retriever, Lab"
Dog,Piper Marie,Piper,48,Newfoundland Mix
Dog,Charlene,Charlie,144,Labrador RetrieverMix
Dog,Thor Mighty God Of Thunder,Thor,108,Dachshund Mix
Dog,Cody Anne,Cody,24,Golden Retriever
Cat,Caesar,Jeff jeff,108,Unknown
Dog,Tessa,Tessa,132,German Shepherd
Cat,Theia,Kitty,132,Domestic Long Haired
Cat,Minerva Mcgonagall,Minna,60,Tabby
Dog,Lily,Lily,120,Shepherd Chow Mix
Dog,Butters,Butters,108,"Mixed - Shepherd, Unknown"
Dog,Marigold,Marigold,96,Heinz 57 Mutt
Dog,Prince Romeo,Romey,96,Miniature Pinscher
Cat,Teachers Pet,Teeps,24,Unknown
Cat,Wimpy,Wimpy,24,Unknown
Cat,Lucy,Lucy,24,Unknown
Dog,Snickers The First Head Woofer,Snickers,72,"Mixed - Yorkshire Terrier, poodle"
Dog,Lucky,Lucky,36,"Mixed - Lab, Blue Heeler, ed Breed"
Dog,Ares,Ares,96,Olde English Bulldog
Cat,Skylar,Sweet Boii,36,Unknown
Dog,Maximillian,Max,156,Golden Retriever
Dog,Rogue,Rogue,72,"Mixed - Border Collie, Weimerheimer, ed Breed"
Cat,Sweety,Sweety,Unknown,Domestic Long Haired
Cat,Benny,Ben,48,Domestic Short Hair
Dog,Ace,NaN,12,American Hairless Terrier
Dog,Ava,NaN,48,American Hairless Terrier
Dog,Winnifred,Winnie,72,"Mixed - Shitzu, Poodle "
Dog,Mika,Mika,96,"Mixed - Pit Bull, Lab"
Dog,Charlie Elizabeth Begonias,Charlie,60,Labradoodle
Dog,Jack Ass,Jack,60,Border Collie Australian Shepherd Mix
Cat,Bean,Cat,84,Unknown
Cat,Skipps,Skipper,12,Unknown
Cat,Carly Q Cat,Carl,60,Unknown
Dog,Dan,Digger,156,Pug
Dog,Koko,Koko,48,French Bulldog
Dog,Archibald,Archie,24,Golden Retriever
Dog,Sassie,Sassie,228,Poodle
Dog,Zoe,Zoe,144,Shitzu-poodle
Dog,Bobo,Bobes,120,Mutt
Cat,Sofi,Sofi May Bofi,24,Calico
Dog,Isiah Thomas,Izzy,Unknown,Maine Coon
Dog,Sir Pete The Pup,Pete,144,Chihuahua
Dog,Roux Stir,Roux,96,Catahoula Mix
Dog,Lucy Scramble,Lucy,60,Boxer
Dog,Junebug,Junebug,120,"Mixed - Shepherd, Unknown"
Dog,Crinkle,Crink a dink,84,Rhodesian Ridgeback
Dog,Smokey,Spooky,168,Mutt
Dog,Daisy May,Daisy,36,Labrador RetrieverMix
Dog,Crimson,Crimson,108,"Mixed - Beagle & Lab, German Shepherd "
Dog,Tide,Tide Dog,108,"Mixed - Beagle & Lab, German Shepherd "
Dog,Sophie,Sophie,120,Labrador Retriever& Jack Russell Mix
Dog,Sir Nigel Petrie Of The Poofybottom Clan,Nigel,144,"Mixed - Pomeranian, Terrier "
Dog,Tobi,Bobo,120,"Mixed - Newfoundland, St. Bernard"
Dog,Bruin,Bru,84,Golden Retriever
Dog,Lucinda Jean,Lucy,12,Golden Retriever
Dog,Dave,Dave,54,Golden Retriever
Dog,Harper Valley,Harper,Unknown,Dachshund
Cat,Calleigh Marie,Calleigh,168,Domestic short-haired
Dog,Buster Brown,Buster,132,Mutt
Goldfish,ptifish,ptifish,Unknown,Orange
Dog,Leila,Leila!!,60,Pointer
Dog,Trixie,Trixie Treat,36,Golden Retriever
Dog,Archer,Archibald,108,Labrador RetrieverMix
Dog,Josie Pancakes Fluffybottom,Josie,96,Unknown
Cat,Tiger Jack,Jack,81,Tabby
Cat,William Orange,Willie,81,Tabby
Dog,Zeus,Zu,18,Great Dane
Dog,Shooter,Shooter,96,Blue Heeler
Dog,Ellie,Ellie,96,Yellow Lab
Dog,Macie,Mace,96,Golden
Dog,Maddie,Bubbis,204,Shih Tzu
Cat,Motown,Mo,96,Domestic Long Haired
Betta Fish,Spot,Spot,12,Betta
Dog,Squirt,Squirt,84,Bulldog
Dog,Samantha Marie,Sammie,96,Mutt
Dog,Quincy,Quincy,60,Chow Mix
Dog,Cajun,Cajun,78,Golden Labrador RetrieverMix
Dog,Duke,Dukie Doo,36,Pitbull
Dog,Daisy,Daisy Dee,36,Pitbull
Dog,Nico,Nico,48,"Mixed - Pug, Boston Terrier "
Dog,Chance Mccoy,Chance,120,Golden Retriever
Dog,Kobi,Kobi,132,Pitt Bull Mix
Dog,Maila,Maila Moose,12,South African Mastiff
Horse,Domino,Dommi,72,Paint
Dog,Phineas,Phin,36,Lab
Dog,Cody,Vody,240,Labrador Retriever
Dog,Perry,Perry,36,Lab
Chicken,Gregory Peck,Greggie,24,Bantam Cochin
Dog,Call It A Night Sir Dudley,Dudley,60,Golden Retriever
Dog,Madison Brooke,Maddy,84,Foxhound Mix
Cat,Pandors,Pandora,120,Unknown
Dog,Like Francis,Luke,96,Treeing Walker Coonhound
Cat,Bo Bo,Bo Bo,48,Unknown
Cat,Zooey,Zooey,96,Unknown
Cat,Mollie,Mollie,24,Unknown
Cat,Jj,Jj,12,Unknown
Cat,Jenson Button. ,Boo Bear,96,Mix
Dog,Pilikia,Pili,168,Chihuahua
Dog,Mia Pieper,Mia,36,"Mixed - Black Lab,  Greyhound "
Cat,Nova Blake,Nova,12,Tabby
Dog,Pepper Potts,Pepper,72,Golden Retriever
Dog,Scruffy,Scruffy,Unknown,Mutt
Cat,Nikolai Maranov,Mr. M,144,Maine Coon
Cat,Django,Django,192,Tuxedo Cat
Dog,Princess Jessi,Jessi,84,Unknown
Dog,Mowgli,NaN,12,Lab
Dog,NaN,NaN,24,Lab
Dog,Wille,Willie,96,Unknown
Dog,Otto,Otto,18,"Mixed - Doberman, Basset Hound"
Cat,Momma Martha,Martha,60,Domestic short-haired
Dog,Optimus,Opti,84,Maltese
Dog,Memphis Mumford,Memphis,24,Cane Corso Mastiff
Cat,Antoine,Toine,96,Tabby Cat
Dog,Louie,Louie,72,"Mixed - Lab, Bloodhound "
Cat,Hunter Pounce,Caracat,96,Shorthair Cat
Dog,Anna,Anna,60,Unknown
Dog,Chester,Chester,156,Nova Scotia Duck Toller
Dog,Zeus Theodore,Zeus,84,Schnoodle
Dog,Ripley,Ripley,156,Golden Retriever
Dog,Beau,Beau Beau,48,Goldendoodle
Dog,Lucy,Lucy,108,Golden Retriever
Dog,Penelope,Penny,36,Maltese
Dog,Callie,Cal,48,Golden Retriever
Dog,Jake,Jakey Poo Poo Head,24,Goldendoodle
Dog,Willie,Willie,30,Labrador RetrieverMix
Dog,Package,Package,12,Dalmatian Mix
Cat,Algernon,Algy,132,Unknown
Cat,Pickles!,Pickles,36,Torti
Cat,Jiblit,Tiny Jib,12,Unknown
Dog,Luna,Luna,60,Yorkshire Terrier
Dog,Delilah,Lila,48,Lab
Cat,Celie,Celie,84,Tabby
Cat,Sophie,Sophie,84,Tabby
Cat,Oliver Wendell Holmes,Oliver,108,Unknown
Dog,Josephine,Josie,48,"Mixed - Border Collie, Pit "
Dog,Russell D.,Rusty,108,Mutt
Dog,Excalibur Insubordinate Omallie Ix,Cali,24,Golden Retriever
Dog,Darth Vada Mae,Vada,84,"Mixed - Border Collie, Corgi"
Cat,Felix,Felix,144,Domestic Short Hair
Dog,Butterscotch,Butters,114,Mutt
Dog,Emma Jean Jelly Bean,Emma,156,Shih Tzu
Cat,Binky,Binky,24,Domestic Short Hair
Cat,Sox,Sox,120,Domestic Short Hair
Dog,Rigby,Rigs,72,Boston Terrier
Dog,Sir Scribbles Of The Shire,Scribbles,60,"Mixed - Shih Tzu, Corgi"
Cat,Herbert Fitzgerald,Bertie,36,Ragdoll
Cat,Gary,Gary,35,Tabby
Cat,Cassandra,Cassie,84,Siamese Mix
Cat,Moose,Moose,Unknown,Calico
Dog,Tele,Tele,132,Lab
Dog,Maggie,Pooper,168,Dachshund
Cat,Daniel,Daniel,192,Oriental Shorthair
Cat,Kitty,Kitty,192,Domestic short-haired
Dog,Daisy Mae,Daisy,132,Golden Retriever
Dog,Bug,Bug,72,Jack Russel Mutt
Dog,Rayven,Ray,72,German Shepherd
Dog,Puppy Girl,Puppy,48,Jack Russell
Dog,Beyonc,Beyonc,24,Chihuahua
Dog,Pippa Mad,Pippa,24,Havanese
Dog,Tails Balboa,Tails,168,Chihuahua
Dog,Tara Balboa,Tara,72,Chihuahua
Dog,Mia,Mimi,12,Chihuahua
Dog,Slainte,Slainte,144,Chiweenie
Cat,Persephone,Persnuffy,132,Unknown
Cat,Piper,Pipes,12,Unknown
Cat,Belle,Tiny Kitten,144,Unknown
Cat,Nyx,Nyxapooski,96,Unknown
Dog,Clyde Frog The Dog,Clyde,45,Yellow Labrador
Cat,Baby Tiger,Tiger Bub,132,Unknown
Cat,Havoc,Bb,24,Unknown
Dog,Asher,Ashie,108,Golden Retriever
Dog,Miley,Miley,162,Mutt
Cat,Tux,Monsieur Tux,24,Unknown
Horse,Paisley Desert Melody,Melody,84,Mustang
Dog,Suzie,Suzie,60,Chocolate Lab
Dog,Joshua,Joshie,108,Golden Retriever
Dog,Kona Kai,Kona,24,"Mixed - Mutt: Half Terrific, Half Amazing (most Likely Golden Retriever, German Shepherd"
Cat,Simba,Simba,72,Domestic short-haired
Dog,Charlie,Charlie,132,Boston Terrier X Pug
Turtle,Lucky,Lucky,Unknown,Desert Tortoise
Cat,Duncan,Duncan,66,Unknown
Dog,Lucky,Lucky,48,Labrador RetrieverRetriever
Dog,Lily Ann,Lily,36,Golden Retriever
Dog,Robbie,Robbie,120,West Highland White
Dog,Chance,Chance,48,Labrador RetrieverRetriever
Cat,Mir Hector,Mir,138,Domestic Short Hair
Cat,Clover,Clo,Unknown,Unknown
Cat,Lacerta Grace,Laci,132,Domestic Short Hair
Dog,Mcgregor,Gregs,132,Scottish Terrier
Cat,Mosephus,Mo,Unknown,Unknown
Dog,Maggie,Mags,72,Corgi
Dog,Boo Radley Beauregard,Boo,60,Hound Mix
Cat,Pictor James,Pictor,96,Lynx Point Siamese
Cat,Yellowie,Old Man,228,Unknown
Cat,Sylvio,Syl,168,Unknown
Dog,Jean Louise,Scout,30,Golden Retriever
Cat,Cooper Kent Degroat,Cooper,12,Tuxedo Cat
Dog,Java Joe,Joe,12,Corgi
Dog,Heidi Hoho,Heidi,84,Rescue
Dog,Finlay Heisenberg,Finn,96,Shetland Sheepdog
Cat,Porkchop,Porkie,48,Rescue
Dog,Nala Belle,Nala,132,Golden Retriever
Cat,Lila,Lielee,120,Domestic Long Haired
Dog,Matelin Paco Junior,Mate,108,Australian Shepherd
Cat,Applesauce,Apple,24,Rescue
Dog,Eddie,Eddie,96,Chihuahua
Dog,Sir Thompson Squigglebutt,Tommy,84,Chihuahua
Dog,Miss Kasey Bubbles,Kasey,96,English Setter
Dog,Angel,Angel,108,Golden Retriever
Dog,Loosie,Goose,180,Whippet
Bird,Ruby,Ruby,24,Parakeet
Dog,Sophie,Sophie,168,Whippet
Lizard,Robert,Robbie,12,Leopard Gecko
Dog,Douglas,Douglas,120,Basset Hound
Dog,Zoi,Z,12,English Setter
Cat,Menke,Menke,48,Manx
Dog,Jasper,Jasper,168,Whippet
Dog,Rupert,Roo,36,Basset Hound
Dog,Spencer,Spence,120,Pointer
Dog,Sir Clyde Bootsie Sideeye,Clyde,132,Chihuahua
Dog,Daisy Mae,Daisy,84,Goldendoodle
Dog,Teddy Bear,Teddy,132,"Mixed - Chow Chow, Australian Shepard"
Dog,Edward Gene,Eddy,180,Golden Retriever
Dog,Peaches Monroe,Peaches,48,Jack Russell Terrier
Dog,Sir Nicholas,Nick,108,"Mixed - Corgi, Jack Russell"
Dog,Eowyn,Eo,156,Shih Tzu
Dog,Jayden,Denden,96,Shih Tzu
Dog,Joey,Jo,12,Golden Retriever
Dog,Walker Texas Ranger,Wally,12,Labrador Mix
Dog,Mike Mussina,Moose,12,Labrador Mix
Cat,Azuca,Zucchini,96,Unknown
Cat,Lady Bluebelle,Bluebelle,192,Domestic medium-haired
Dog,Demon Deacon,Deke,156,Golden Retriever
Dog,Benny The Tiny Von Hudehoff,Benny,60,Yorkshire Terrier
Dog,Jacky,Jack,36,Golden Retriever
Dog,Gigi,Gigi,120,Golden Retriever
Dog,Liontamers Nelson M Mandela,Nelson,24,Rhodesian Ridgeback
Dog,Toby,Toby,144,Golden Retriever
Dog,Sugar,Sugar,156,Mix
Cat,Rey,Rey,24,Unknown
Dog,Mackley,Mackey,48,American Bulldog
Cat,Gordon Banarnar,Gordon,72,Tabby
Dog,Sugar,Sugar,60,Golden Retriever
Dog,Minnie,Minnie,120,Min Pin
Dog,Meeko Letang,Bubby,36,Rough Collie
Cat,Mephistopheles Der Leibhaftige Teufel Lord Of The Underworld Bringer Of Darkness,Felix,132,Domestic short-haired
Dog,Oddjob,Jobby,132,Puggle
Cat,River,River,96,Dsh Orange Tabby
Dog,Charleston Wesley,Charlie,12,Goldendoodle
Dog,Shelby,Shelb,3,Mutt
Dog,Barracuda,Cuda,Unknown,Gsd Mix
Hamster,Lilapution Marie,Lilla,Unknown,Unknown
Dog,Daisy,Daisy,60,Chocolate Labrador RetrieverMix
Dog,Moose Van Haus Huenink,Moose,36,Rottweiler
Dog,Princess Bella Marie,Bella,132,"Mixed - Mini Dachshund, Beagle "
Hamster,Turtle Dove,Turtle,Unknown,Syrian
Dog,Geno Stoneycreek Pugh,Beans,24,Rottweiler
Cat,Axel Daxel,Axel,108,Domestic Short Hair
Betta Fish,Michael Lee,Michael,2,Betta
Cat,Babe Ruthy,Babe,108,Domestic Short Hair
Dog,Sadie Mae,Sadie,72,German Shorthaired Pointer
Chinchilla,Stanley,Stan Bug,Unknown,Unknown
Dog,Ruby Sue,Ruby,36,Blue Tick Coon Hound
Rabbit,Richard Fineman,Richie,48,Unknown
Dog,Zoey,Zoey,96,Golden Retriever
Dog,Apollo,Apollo,120,Boxer
Dog,Petey,Pete,132,Labrador RetrieverMix
Cat,Scuto,Scutie,120,Burmese
Dog,Sadie Blue,Sadie,108,Border Collie Mix
Dog,Mira,Weetum,162,"Mixed - Lab, Greyhound"
Dog,Ginger,Ginger,18,Staffordshire Mix
Cat,Cookie Dough,Miss Dough,72,Cat
Tortoise,Kachu,Kachu,48,Unknown
Dog,Hairy Potter,Hairy,144,Smol Terrier
Dog,Cricket,Crickita,Unknown,"Mixed - Half Schitzu, Half Long Haired Miniature Dachshund"
Dog,Xenia Marie,Xenia,96,German Shepherd
Guinea Pig,Potato,Tot,36,Abyssinian Guineapig
Dog,Daisy Mae,Daisy,144,Cairn Terrier
Chinchilla,Ashe,Ashe,36,American Standard Chinchilla
Goldfish,Mr. Moesby,Mr. Moesby,36,Goldfish
Goldfish,Helen,Helen,36,Goldfish
Dog,Skylar,Sky Dog,180,Mini Aussie
Dog,Maybus Dogstoevsky,Maybe,132,Treeing Walker Coonhound
Dog,Kahlua,Louie,84,Mini Aussie
Cat,Foster,Foster,156,Domestic Shorthair - Gray Tabby
Cat,Reese,Reese,156,Domestic Shorthair - Tortoiseshell
Dog,Maggie Pie Thatcher,Maggie,12,Blue Lacy
Dog,Ashildr,Ashy,12,Boxer
Dog,Elsa,Stinky Poo Poo,Unknown,German Shepherd
Dog,Belle,Stinky Poo Poo Too,Unknown,Golden Retriever
Cat,Mufasa,Mufasa,168,Yellow Tabby Long Hair
Dog,Zeus,Zeusy,96,Jack Russel Mix
Guinea Pig,Niblet,Fat Pig,48,Guinea Pig
Dog,Molly,Miss Pants,72,Labrador RetrieverMix
Cat,Valerie Spaceship Pizza Party,Bubba,72,Domestic Short Hair
Hamster,Penelope,Penne,12,Syrian
Cat,Peanut,Peenie Paneenie,12,Calico
Cat,Jupiter,Monsieur Jups,72,Domestic Short Hair
Dog,Chip,Chippy,162,Yellow Lab
Dog,Chewustuffer Asshole,Chewy,24,Golden Retriever
Dog,Sailor Moon,Either Sailor,48,Newfoundland
Dog,Navigators Sipsey River Princes,Sipsey,132,Labrador Retreiver
Dog,Buddy,Bud,108,Border Collie
Dog,Brown Butter Biscuit,Biscuit,144,Labrador Retriever
Dog,Millie,Lil Mil,156,Shih Tsu Cross
Dog,Jonah,Jonah,60,"Mixed - Lab, Collie"
Dog,Diggs,Diggs,108,Australian Cattle Dog
Bird,Gudlaguba,Guba,24,Unknown
Dog,Herman,Hermie,168,Dachshund
Cat,Isis,Isis,108,Domestic Short Hair
Dog,Datsyuk,Datsyuk,2,"Mixed - Shepherd, Unknown"
Dog,Nightwing,Nightwing,72,"Mixed - Lhasa Apso ,  Maltese"
Dog,Isabella,Bella,60,"Mixed - German Shepard,  Australian Shepard"
Dog,Princess Buttercup,Princess,48,"Mixed - Lhasa Apso ,  Maltese"
Dog,Sir Jake Of Zoar,Jake,132,Yellow Lab
Cat,Michael Theodore Wazowski,Mike,24,Fuzzball
Dog,Scout,Scout,72,King Charles
Dog,Aluxe,Aluxe,168,Poodle
Dog,Brownie,Brownie,132,King Charles
Cat,Catsby,Catsby,144,Domestic Short Hair
Rabbit,Clementine The Lemon,Clem,84,Unknown
Dog,Shelby May,Shelbs,18,Terrier Mix
Dog,Mr. Henry Midas Darcy,Henry,84,Golden Retriever
Cat,Hermes,Hermes,120,Unknown
Dog,Annie Reese,Annie,132,"Mixed - Husky, Corgi "
Dog,Blackjack,Blackjack,36,"Mixed - Lab, Pitbull"
Cat,Dolly Madison,Dolly,132,American Shorthair
Cat,Franklin Roosevelt,Franklin,192,Siamese
Cat,Abby,Abby,30,Unknown
Dog,Jaden,Jaden,96,Unknown
Dog,Sophie,Soph,108,Golden Retriever
Cat,Elizabeth Bennet,Elizabeth,156,Domestic Long Haired
Cat,Amadeus,Booboo,156,Domestic Long Haired
Dog,Petey,Petey,132,Golden Retriever
Dog,Jack,Jackson,132,Golden Retriever
Dog,Bella,Bell,96,Puggle
Dog,Starsky Buford,Starsky,84,Foxhound
Prairie Dog,Beatrice,Trixie,60,Mexican Black Tailed
Dog,Quito,Kiki,48,"Mixed - Lab, Apbt, Great Dane, Gsd, Australian Cattle Dog, Rottweiler"
Dog,Wiggins,Wiggs,36,Black Labrador RetrieverBasset Houd Mix
Bird,Aretha,The Broody One,12,Black Star Hen
Snake,Stanley,Stanley,12,Ball Python
Dog,Bella,Smelly Belly,156,Weimaraner
Hermit Crab,Golddigger,Goldie,Unknown,Australian
Dog,Maple,Mapie,60,Shiba Inu
Dog,Sara,Sara,84,Polish Tatra Sheepdog
Bees,Professor Mcgongall ,Hogwarts ,Unknown,Unknown
Dog,Clementine,Clem,66,Coonhound
Dog,Ali May,Ali,144,Labrador RetrieverMix
Dog,Aspen,Ass pen,36,Coonhound
Dog,Amber,Amber,24,German Pointer
Guinea Pig,Diego,Dego Bear,36,Unknown
Guinea Pig,Linus,Linus,12,American Guinea Pig
Dog,Coquine,Ti chat,180,Maltese
Guinea Pig,Colby,Colbs,36,Unknown
Dog,Medley May,Med Head,96,Great Dane
Dog,Maggie,Mag Bag,36,Great Dane
Dog,Finn Jethro,Finny,84,Poodle
Dog,Tallulah Lilac,Lulah,48,Poodle
Dog,Bear,Bear,72,"Mixed - Husky,  Shepherd, Collie"
Cat,Fuji,Worm,108,Domestic House Cat
Dog,Emily,Emily,84,American Pitbull
Dog,Winifred Yankeestaff Arnone,Winnie,156,English Staffordshire Bull Terrier
Dog,Bella,Bella,108,Shih Tzu
Dog,Mocha Latte,Moch,24,"Mixed - Retriever, Pitbull"
Dog,Bentley Rockstaff Jardine Arnone,Bentley,2,English Staffordshire Bull Terrier
Cat,Lili,Lili,132,Russian Blue
Dog,Freddie Mercury,Freddie,180,Mini Schnauzer
Dog,Einstein Pancake,Einstein,132,"Mixed - Shih Tzu,  Poodle"
Cat,Kit Marlowe,Marlowe,132,Domestic Shorthair Tabby
Dog,Sir Eggs Benedict,Benny,30,Pembroke Welsh Corgi
Dog,Bandit,Ban Ban,96,Husky
Cat,Beauregard Montgomery Cat,Beau,36,Black And White
Dog,Mac,Mac,60,Border Collie
Dog,Shepherd E Stoltzfus,Shep,60,Border Collie
Dog,Cinnamon,Chinamon,48,Golden Lab
Rabbit,Greta,Greta,156,Mini Rex
Dog,Rocky Ciroc,Ciroc,72,Bichon Frise
Cat,Cloudy,Cloudy,108,Unknown
Cat,Sunny,Sunny,60,Unknown
Dog,Jack,Jack,24,Miniature Dachshund
Dog,Baldrick Of Blackadder Bob,Bob,168,Miniature Schnauzer
Dog,Danny,Danny,Unknown,Pomeranian - Indian Mongrel Mix
Dog,Troy,Sweetie,108,Pit Mix
Dog,Lavender,Lav,96,Pitbull
Dog,Buddy,Mr. B,72,Golden Retriever
Dog,Chase,Chase,72,Boxer
Dog,Charlotte,Charlie,96,Mostly Border Collie
Dog,Ice,Ice,168,"Mixed - Sharpei, Dachshund "
Betta Fish,Alpha ,Alpha,Unknown,Unknown
Dog,Dolly,Dolly,90,Labrador RetrieverMix
Dog,Geoffrey,Geoffrey,12,Maltipoo
Rabbit,Aragorn,Strider,60,Dwarf Lop
Rabbit,Arwen,Arwen,48,Lion Head Dwarf Lop
Dog,Holly,Holly,102,Golden Retriever
Dog,Coco Pollybird,Coco,120,Cocker Spaniel
Dog,Tim,Tim,144,Beagle
Dog,Magui Josefina Primera Mercado,Mooito,192,English Cocker Spaniel
Turtle,Robustiana,Robby,60,Unknown
Dog,Scooby,Scoob,Unknown,American Cocker Spaniel
Dog,Balto Jos,Bartolo,72,Unknown
Bird,Lul Anastasia,Pollo,192,Unknown
Dog,Xena Badass Mcawesome Princess Flufflepuffs Of The Ashen Fields Of Mordor,Xena,72,Golden Retriever
Dog,Wilbur,Wilby,72,French X British Bulldog
Dog,Rowena Ravenclaw,Puppy,36,Rhodesian Ridgeback
Dog,Magnificent,Maggie,84,"Mixed - King Charles, Papillon "
Dog,Nova,Scoosh,12,Cocker Spaniel
Dog,Penny,Penny,144,Ray Terrier
Cat,Jasper,Jasper,96,Unknown
Dog,Maisie Taters,Maisie,24,Hound Mix
Dog,Guinness,Guinness,108,Australian Shepherd
Dog,Johnny Bee,Johnny,60,Boxer Mix
Cat,Emma,Emma zoo,252,Calico
Dog,Mayflower,May,144,Labrador
Cat,Benjamin,Ben,72,Unknown
Dog,Roscoe,Roscoe,156,Beagle
Cat,Pitted Bear,Pits,72,Unknown
Cat,Lily,Lily,240,Unknown
Cat,Maggie,Maggie,228,Unknown
Cat,Tom,Tomsl,216,British Short-hair
Cat,Gerri,Gerri,204,British Short-hair
Dog,Ashley,Ashley,60,English Cocker Spaniel
Cat,Moritz,Mori,96,Unknown
Dog,Janis,Janis,84,Unknown
Dog,Leonardo,Leo,84,Pekingese
Rabbit,Cheeky,Twatty,60,Unknown
Cat,Tyler,Doofus,132,Domestic Short Hair
Dog,Ceili Kibbles,Ceili ,120,Golden Retriever
Cat,Kiki,Kikster,132,Domestic Short Hair
Dog,Charlie,Charlie,12,Bernese Mountain Dog
Cat,Oreo,Oreo,Unknown,Short Hair
Cat,Ichi,Itch,96,Unknown
Fish,Mussel,Muss,36,Unknown
Dog,Mango,Mango,24,Unknown
Hamster,Muffin,Muffin,24,Unknown
Dog,Rufus,Roofie,168,Golden Retiever
Dog,Daisy,Daze,12,Golden Retriever
Dog,Lily,Lils,156,Golden Retriever
Dog,Bertie,Bertie Boy,12,Golden Retriever
Dog,Max,Bear,84,Akita
Dog,Molly,Moo,84,Beagle
Dog,Poppy,Poppy Dog,24,Golden Retriever
Dog,Daisy,Daisy Dog,24,Golden Retriever
Cat,Nica-nu,Nica no give that backq,5,British Short-hair
Cat,Meredith,Mer,96,Unknown
Dog,Koda,Koda,108,Golden Retriever
Dog,Elwood,Elwood,108,Golden Retriever
Dog,Jake,Jakey,108,Golden Retriever
Cat,Blizzard,White,156,Unknown
Cat,Hemingway,Hemi,108,Unknown
Cat,George,Porge,132,Unknown
Dog,Miles,Miles,96,Labrador
Cat,Sherbert,Sherbert,12,Unknown
Cat,Liesje,Liesje,60,Tortoise Shell
Dog,Indiana,Indy,120,Springer Spaniel
Cat,Diego Maradona,Degs,36,Unknown
Dog,Maximus Harvey,Max,24,Golden Retriever
Cat,Paco,Pac Man,24,Unknown
Dog,Douglas Ray Richardson The Third,Doug,72,Red Heeled
Guinea Pig,Wilbur,Wilbur,12,Unknown
Guinea Pig,Vincent,Vinnie,12,Unknown
Dog,Harley,Gnarly,48,Pug
Tortoise,Taco,Taco,84,Russian Tortoise
Dog,Buster,Busty,168,Jack Russell
Dog,Alfie,Alfie Dude,168,Jack Russell
Dog,Mila,Mila,108,Mixed Breed Boomer
Dog,Zero,Boydog,120,Rhodesian Ridgeback
Rabbit,Cirkeline,Cirkeline,84,Mixed
Dog,Bella Nina,Bella,84,German Shepherd
Dog,Thomas James,Tom,48,Unknown
Dog,Archie,Archie,12,German Shepherd
Cat,Mao,Mao,168,Moggy
Dog,Briggs,Briggy,120,Labrador RetrieverMix
Dog,Mya ,My,156,Yellow Lab
Cat,Dee Dee,Dee,156,Unknown
Dog,Neela,Neely,96,Shih Tzu
Dog,Hank,Hankle,24,"Mixed - Blue Heeler, Australian Shepherd"
Dog,Button,Button,84,Cockalier
Dog,Missy Princess,Missy,168,Cocker Spaniel
Dog,Prince,Prince,84,"Mixed - German Shepherd, Golden Retriever"
Dog,Samuel,Sam,96,Golden Retriever
Cat,Wolfe,Buddu,138,Domestic Short Hair
Cat,Muppet,Muppy,72,Tabby
Bird,Bruce,Brucey,120,Budgerigar
Dog,Precious Fudge,Miss Precious,144,"Mixed - Collie, Chocolate Lab"
Dog,Truffles,Truffs,132,Chocolate Poodle
Dog,Woodland,Woody,48,Long Haired Chihuahua
Rat,Tomasa,Tommy,Unknown,Unknown
Dog,Heath M&m,Mr. Peaf,96,Australian Cattle Dog
Dog,Mosley,Mr. Mosley,72,"Mixed - Pitbull, Terrier"
Dog,Peter,Mr. Peter,36,Unknown
Cat,Miss Lucy,Lucy,48,Siamese
Cat,Miss Molly,Molly,36,Unknown
Cat,Luna,Luna,48,Ragdoll
Dog,Sammy,Sammy,144,"Mixed - Shi Tzu, Unknown"
Dog,Theodore Barkalot,Teddy,96,Bichon Havanese
Chicken,Delphine,NaN,24,Speckledys
Dog,D'artagnan,Dart,204,Pug
Cat,Fire,Fire,Unknown,Short Hair
Cat,Ash,Ash,Unknown,Short Hair
Cat,Kami,Kam,12,Long Hair
Cat,Kit Kat,Kit,Unknown,Medium Hair
Dog,Celsius Pele Amadeus Cartier,Celsius,132,Black Labrador Retriever
Dog,Lando Calrisian,Lando,48,Labrador
Dog,Obi-wan,Obi,24,Labrador
Dog,Titus Sirius Icarus Cartier,Titus,120,Black Labrador Retriever
Dog,Samuel T Dogg,Sam,96,Labrador
Cat,Puka Shell,Puka,36,Unknown
Cat,Lily Pad,Lily,18,Unknown
Dog,Oreo Ann,Oreo,132,Unknown
Dog,Oliver,Ollie,84,Unknown
Dog,Stamford,Stamford,120,Bichon Frise Cross
Dog,Bentley,Bentley,48,Chocolate Lab
Dog,Lulu,Lulu,120,Jack Russell
Dog,Ella,Elephant,96,Retriever X Labrador
Dog,Roxy,Roxy,60,German Shepherd
Cat,Andrew Angela,Andie,18,American Shorthair
Cat,Cricket,Creekee,96,American Shorthair
Dog,Desmond,Dez,96,English Black Labrador
Cat,Tallulah May,Chunky Butt,24,American Shorthair
Dog,Stella,Stella,108,Hunterway X Collie
Cat,Snowflake,Snow ,132,Main Coone X
Dog,Sheena,Beena,144,Golden
Cat,Rico,Rico,156,Unknown
Cat,Sirius Black,Chonk,48,Unknown
Cat,Bellatrix Lestrange,Bella,24,Unknown
Dog,Perry The Poodle,Perry,24,Standard Poodle
Dog,Cody The Corgi,Cody,36,Pembroke Welsh Corgi
Cat,Princess Penelope Pineapple Pizza,Kitty,36,Calico
Cat,Mel,Melzinga,36,Unknown
Dog,Ginevra Molly,Ginny,48,Golden Retriever
Cat,Mel De Melissa Duarte Brandizzi,Mel,36,Unknown
Cat,Mila Vilela Brandizzi,Mila,12,Unknown
Cat,Sushi,Baby ,168,Black Cat
Dog,Riley,Riley,48,Husky
Dog,Cleopatra,Cleo,36,Greyhound
Dog,Coco,Coco,120,Corgi
Dog,Captain,Captain Aka Cappie,168,Husky
Dog,Buddy,Buddy,96,Mutt
Dog,Magnolia Mae,Maggie,24,Corgi
Dog,Sam,Sammy,60,Border Collie
Frog,Lily,Lily,12,Unknown
Dog,Zoey,Zo,48,Mutt
Cat,Sammy,Sammy,108,Unknown
Cat,Tika,Tika,96,Unknown
Cat,Prince William,William,108,Unknown
Dog,Chip,Chippers,24,Golden Retriever
Spider,Rosie,Rosie,72,Chilean Rose Hair Tarantula
Cat,Zoey,Zoey,60,Tabby
Cat,Stella Lou,Stella,24,Tabby
Dog,Snickers,Snick,96,Labrador
Dog,Max,Max,150,Labrador
Dog,Leeloo,Leeloo,24,Labradoodle
Dog,Owen,Owen,156,Ridgeback
Dog,Daisy May,Daisy,132,Golden Retriever
Cat,Maria,Maria,102,Mix
Dog,Sunshine,Sunny,48,Pyrador
Cat,Penelope,Penelope,108,Calico
Gecko,Pebbles,Peb,48,Leopard Gecko
Dog,Freskin,Fattima Bouffants,156,Black Labrador Retriever
Dog,Philippa,Pippa,48,American Hairless Terrier
Dog,Lillie ,Lillie,60,Boxer
Cat,Callie,Callie,180,Unknown
Dog,Dr. Wolf Barker Md Phd Dog,Wolfie,84,Mixed
Dog,Toby,Tobias,120,Bichon Frise
Cat,Mackintosh,Milo,120,Unknown
Dog,Alice,Alicima Bouffants,132,Bichon Frise
Dog,Deedee,Deedle Dumpling,120,Bichon Frise
Dog,Oliver,Oliver,144,Bichon Frise
Dog,Reuben,Reuben,144,Bichon Frise
Dog,Mowgli,Mowgli,42,"Mixed - Yorkshire Terrier, poodle"
Dog,Toby,Toby,144,Labrador Retriever
Gerbil,Salt,Salt,24,Unknown
Gerbil,Pepper,Pepper,24,Unknown
Cat,Shaka,Shaka,108,Siamese
Cat,Zia,Zia,144,Siamese
Dog,Buddy,Buddy,132,"Mixed - Mutt, ed"
Dog,Bella Sitka Lastname,Bell,180,Miniature American Eskimo
Dog,Monty,Montgomery Of Fitzgerald,96,Labrador Retriever
Dog,Luna Lastname,Luna,2,Doxin
Bird,Vaillante,Vaillant,60,Unknown
Dog,Echo Last Name,Echo,144,Miniature American Eskimo
Dog,Nuffin,Nuffin,72,Golden Retriever
Cat,Tauriel,Tauriel,54,Domestic Short Hair
Cat,Garbanzo,Bean,48,Domestic Short Hair
Dog,Mars,Chano,108,Corgi
Dog,Calhoun Richard Anderson Du Nord,Cal,42,Golden Retriever
Dog,Charlie Brown,Charlie,120,Labrador Retriever
Dog,Bixby Lucas,Bixby,12,Black Lab
Cat,Luna Linetti,Luna,12,Black Cat
Dog,Taco,Taca Taca,156,"Mixed - French Bulldog, Boston Terrier "
Dog,Belle,Jelly Belly,36,Beagle Mix
Dog,Jimmy,Jimmy,36,Jack Russell Terrier
Hamster,Wobbles,Wobbles,2,Syrian Hamster
Cat,Buddha,Buddha,180,Domestic Short Hair
Dog,Miles,Miles,120,Redbone Coonhound
Dog,Eleanor Rose,Elly,60,Golden Retriever
Cat,Charlotte May,Charlotte,48,Brown And White Tabby
Dog,Cooper Jay Nigel Winston,Cooper,96,"Mixed - Yorkshire Terrier, Unknown"
Dog,Buddy Augusto,Buddy,168,Cocker Spaniel
Dog,Dash,Dash,84,"Mixed - Pit Bull, Unknown"
Cat,Calvin Coolidge Cat,Cal,204,Siamese
Cat,Gracie Coolidge Cat,Gracie,192,Russian Blue
Dog,Opie,Dope,132,Golden Retriever
Dog,Georgia,Georgia,36,Unknown
Cat,Emile,Mealsies,72,French Charteux
Cat,Zoe,Zoe,36,Mixed Breed Cat
Cat,Malcolm,Mal,36,Tabby
Dog,Dino,Dino,Unknown,Keeshound
Cat,Molly,Molly Magoo,12,Mixed Breed
Cat,Bruce Springsteen,Bruce,288,Cat
Dog,Penny,Penny,120,"Mixed - Beagle, Miniature Pinscher"
Cat,Raven,Raven,72,Black Shorthair Cat
Cat,Clarabelle,Clarabelle,84,Polydactyl Shorthair Cat
Dog,Alexs Fiesty Girl Bailey Balogh,Bailey,126,Golden Retriever
Dog,Rey,Reymundo,30,"Mixed - Jack Russell, Chihuahua"
Dog,Uwe,Uwe,48,Golden Boy
Dog,Millie Betty,Mill,18,Dalmatian
Dog,Henry,Henny,12,Dalmatian
Dog,Daisy May,Daisy,156,Mutt
Dog,Chamomile June,Cammie,108,Cocker Spaniel
Dog,Chapman,Chapman,180,Black Lab
Dog,Tucker,Tucker,2,Mini Australian Shepard
Dog,Chappelle,Mutt,93,"Mixed - Dachshund, Tibetan Spaniel"
Cat,Wilhelmina Rae,Willa,60,Unknown
Cat,Frances Louise,Frankie,72,Unknown
Cat,Victoria Susan,Tori,72,Unknown
Cat,Ossana Mae,Ossie,60,Unknown
Dog,Bella,Bella,132,Greater Swiss Mountain Dog
Dog,Toby Wan Kenobi,Toby,12,Golden Retriever
Dog,Daisy,Daisy,144,Labrador
Dog,Beaucoup Du Chien,Beau,Unknown,Newfoundland
Dog,Pumpkin,Pumpkin,Unknown,Yellow Labrador
Dog,Poquit,Poquit,Unknown,Chocolate Lab
Cat,Orange Laurie,Orie,Unknown,Unknown
Cat,Sunset,Sunny,Unknown,Unknown
Dog,Rosie,Rosie,108,Golden Retriever
Cat,Matilda,Matilda,48,Domestic short-haired
Dog,Murphy,Murphy,120,Yorkshire Terrier
Dog,Giacomo Science,Giacomo,72,Bernese Mountain Dog
Dog,Zuul Minion Of Gozer,Zuul,60,"Mixed - Pitbull, Boxer "
Dog,Trogdor Jealous,Dora,168,Mix
Cat,Idalou,Lou,21,Domestic Short Hair
Dog,Professor Tuxedo,Tux,12,Bernese Mountain Dog
Dog,Bodie,Bodie,96,Golden Retriever
Dog,Zoey,Zoey,66,Labradoodle
Cat,Eddy Jefferson,Eddy,48,Cat
Dog,Joel Carlos,Joel,36,Beagador
Dog,Lola,Lola,12,English Cocker Spaniel
Cat,Margot Mae,Margot,48,Domestic Short Hair
Dog,Rufus,Rufus,180,Cairn Terrier
Dog,Sadie,Bubba,144,Golden
Cat,Chester,Kiddo,12,Unknown
Dog,Zoey Deschanel,Zo,144,Bichon Frise
Dog,Cooper,Coop,72,Golden
Dog,Captain Goose,Goose,12,Unknown
Dog,Mr Doctor Professor Constable Detective Brick,Brick,96,British Bulldog
Dog,Ellie Sattler,El,12,Pibble
Cat,Lily,Little Shit,48,Unknown
Dog,Juke,Juke,48,Dachshund
Dog,Blue,Blue,12,Chocolate Lab
Dog,Kiefer Bartholomew,Kief,108,Belgian Shepard
Dog,Jackson,Jax,60,Labradoodle
Cat,Marzipan,Pan,24,Unknown
Dog,Zeta Bear,Bear,72,German Shepherd
Cat,Sunny,Sun Bun,Unknown,Unknown
Hedgehog,Professor Minerva Mcgonaquill,Minnie,30,African Pygmy
Dog,Minnie,Minniepin,24,Mutt
Fish,Fsh,Fsh,120,Mexican Blind Cave Tetra
Dog,Dixie,Dixie,180,"Mixed - Shepherd, Unknown"
Dog,Rosa Barks,Rosie,132,Shih Tzu
Dog,Charlie,Charlie,2,Cavapoo
Dog,Jack Dog,Jack,192,Mutt
Cat,Minerva,Minny,72,Unknown
Dog,Timon,Timon,36,Mutt
Dog,Leila Fowler-martinez,Leila,84,Unknown
Dog,Tubu,Tubu,132,Chihuahua
Cat,Venus,Kitty,132,Short Haired Calico
Dog,Goodness Gracious,Gracy,144,Shih Tzu
Dog,Monkey,Monkey,132,"Mixed - Australian Shepard, Rottweiler"
Cat,Jynx,Jynx,48,Domestic Medium Haired
Dog,Rosie,Rosie Posie,Unknown,Golden Retriever
Cat,Wendy,Wendy,36,Domestic Short Hair
Hamster,Katya,Chicken ,24,Russian Dwarf
Dog,Scirocco Augustus,Rocco,60,"Mixed - Treeing Walker Coonhound,  Chinese Sharpei"
Dog,Heavy Duty Puppy,Duty,48,Sheltie
Rabbit,Arthur,Arturo,60,English Lop
Cat,Jack,Kitty boy,72,Tabby Mix
Dog,Siena Rosa,Siena,144,Golden Retriever
Dog,Buttercup Maplesde,Butternut,30,Unknown
Dog,Zuez Maplesden,Zuzy,30,Unknown
Dog,Bella Maplesden,Bella,24,Bali Dog Mix
Cat,Hercules Maplesden,Hercules.,24,Tabby Cat
Dog,Ghia Lynn,Ghia,12,"Mixed - Border Collie,  Chinese Sharpei"
Dog,Delilah,Lilah,84,Beagle
Cat,Baileys Irish Cream,Bailey,156,Siamese Mix
Dog,Treacle,Treacle,120,Border Collie Cross
Dog,Sam,Sam,132,Labrador
Dog,Tyson,Tysbert,168,Rottweiler-german Shepherd-mix
Cat,Madison Square Garden,Square,24,Unknown
Cat,Garfield,Cooter ,96,Orange Tabby
Dog,Parker,Parker,132,Goldendoodle
Dog,Captain Avro Clarence,Avro,72,Schnauzer
Dog,Carlene,Weentz,48,Mutt
Dog,Linda,Linda,120,West Highland White Terrier
Cat,Stellabella,Stella,84,Tortie
Dog,Toby Wooferton,Toby,216,Mixed
Dog,Sacha,Fjollehoved ,156,Unknown
Cat,Ponce De Leon,Ponce,84,Domestic Short Hair
Dog,Snickers,Snicks,168,Labradoodle
Cat,Echo,Echo,144,Unknown
Cat,Tiga,Tiga,84,Domestic Short Hair
Dog,Sherlock Bones,Sherlock,48,"Mixed - Pit Bull, Unknown"
Dog,Irene Adler,Addie,96,Bulldog
Cat,Bloo,Bloo,132,Unknown
Dog,Wallace,Wally,24,Labradoodles
Dog,Dude,Handsome,30,Labrador Retriever
Cat,Mitten,Tuna,156,Unknown
Dog,Bailey,Bailey,108,Golden Retriever
Dog,Willow,Sweetie,72,Labrador Retriever
Dog,Philistine Smoosh,Bill,168,Jack Russell Terrier
Cat,Kitty Cat,Kc,156,Unknown
Cat,Elvis,Tubby,144,Siamese
Dog,Henry Nacho,Henny,96,Golden Retriever
Dog,Maximilian Kolby,Maxy,192,Golden Retriever
Dog,Argos,Argos,72,Mixed
Ferret,Buttercup,Butter,Unknown,Unknown
Dog,Madeline Grace,Ma Ma,180,Golden Retriever
Dog,Elvis,Elvis,132,Cockapoo
Dog,Coconut Butter,Coco,60,Mix
Dog,Lucy-fur,Lucy,144,Golden Retriever
Dog,Sophie Grace,Soph,156,Brindle Black
Dog,Prince,Prince,168,"Mixed - Poodle, Shih Tzu And A Misc Terrier, Sporting Breed "
Dog,Jackson Buttsickle,Jacks,48,Mix
Dog,Lassie,Lass Lass,168,Moth Eaten Carpet
Dog,Charles Xavier Ii,Charlie,48,Great Pyr
Cat,Gingersnapz C. Cat,Gingersnapz,84,Domestic Short Hair
Dog,Caroline,Caroline,60,Purebred Alabama Mutt
Cat,Shadow,Shadow,132,Unknown
Cat,Murray 2,Murray,84,Unknown
Dog,Beau,Goomby,48,Golden Retriever
Dog,Lindon,Lindy Loo,120,"Mixed - Pit Bull, Lab"
Cat,Marilyn,Chirp,60,Orange
Dog,Tedward,Teddy,48,"Mixed - Shi Tzu, Unknown"
Dog,Zuzu,Zu,48,Shih Tzu X Bichon
Dog,Marcus Brutus,Brutus,48,Boxer
Cat,Charlie Chaplin,Charlie,12,Unknown
Cat,Molly Tigerlily,Molly,12,Unknown
Cat,Britannia,Brit,120,Unknown
Dog,Brownie Leigh,Brownie,36,Golden Shepherd
Dog,Jersey Girl,Jersey,132,"Mixed - Husky, Malamute, Sneaky Neighbor's Dog "
Dog,Stella,Stells,120,Goldendoodle
Dog,Lizzie,Lizzie Pie,72,"Mixed - Husky, Sneaky Neighbor's Dog "
Cat,Marby,Beanie Baby,168,American Shorthair
Dog,Roxy,Roxy Socks,12,Mutt
Dog,Coco Murfree,Coco,108,Border Collie
Dog,Ozzy,Ozlet,12,"Mixed - Minnie Australian Shepherd, Cockapoo"
Dog,Winston Pigaloo,Winston,72,Pug
Dog,Noodle,Noodle ,156,Weiner Dog
Dog,Phantom,Phantom,60,Staffordshire Pit Bull
Dog,Ellen Park,Ellen,36,Golden Retriever
Cat,Meredith,Mer,12,Domestic Short Hair
Cat,Brennan Zachary,Punkin Butt,96,Domestic Short Hair
Fish,Fishy,Fishy,216,Unknown
Dog,Spud,Schmoops,18,Pembroke Welsh Corgi
Dog,Fn 2187,Finn,18,Goldendoodle
Cat,Frank En Stein,Frank,96,Maine Coon
Dog,Pisco,Pisco,60,German Wirehaired Pointer
Dog,Sadie,Sadie,36,German Shepherd
Dog,Lola,Loli Ravioli,2,Golden Retriever
Dog,Addie Heart,Addie,96,"Mixed - Lab, Chow Chow "
Dog,Ernie,Ernburn,12,Unknown
Chinchilla,Milo Chicken Nugget,Milo,78,Unknown
Cat,Melon,Mel,36,Black
Dog,Semaj,Sammich,48,Shih Tzu
Dog,Maya,Little Miss Maya,96,Shih Tzu
Dog,Bijou,Bijou,144,Jack Russel Terrier X Toy Poodle
Dog,Pesto,Pesto,2,Beagle
Dog,Maggie,Magz,Unknown,Eskimo Mix
Cat,Doctor Snuggles Von Fluffybottom,Doc,72,Unknown
Dog,Toby,Toby,12,Golden Retriever
Dog,Jacob Marley,Jake,72,Golden Retriever
Cat,Dixie,Potato,132,Fluffy
Dog,Cujo,Bubby,132,Cocker Spaniel
Cat,Finn,Finnard,108,Long Haired
Dog,Maizie,Maizie,12,Mini Schnauzer
Dog,Bruce D4,Bruce,144,Dachshund
Dog,Jackie Kate,Jackie,60,"Mixed - Lab, Beagle "
Dog,Daisy Bear,Daisy,30,German Shepherd
Gecko,Donut,Donut,60,Crested Gecko
Betta Fish,Whiskers Goldie-the-goldfish Sweetie,Whiskies,24,Betta
Dog,Tinker Stinker,Stinks,30,German Shepherd
Cat,Vinnie,Huggiebear Biden,48,Unknown
Cat,Watson,Dr. Watson,102,Tabby
Cat,Crick ,Dr. Crick,102,Unknown
Dog,Mile High Ice Storm,Miles,84,Golden Retriever
Dog,Breezy Bear,Breezy,12,Golden Retriever
Dog,Nara,Gorda,36,Australian Cattle Dog
Dog,Wyatt Daniel The Wild Corgo,Wyatt,24,Pembroke Welsh Corgi
Dog,Petra,Petra,Unknown,Golden Retriever
Betta Fish,Waffle,Waffle,24,Betta
Dog,Rosie,Rosie,120,Walker Hound
Dog,Lilly,Lilly,120,"Mixed - German Shepherd, Husky, Beagle, Chow Chow"
Dog,Charles,Charles,144,"Mixed - Miniature Schnauzer, Poodle"
Dog,Pippa,Pip,13.200000000000001,Goldendoodle
Dog,Oliver,Ollie,84,Jack Russell Terrier
Dog,Kiku,Kiku,36,Mutt
Dog,Brandy,Brenda,120,Havanese
Dog,Bobby,Bobkin,96,Shih Tzu
Dog,Emma,Emma,144,Shih-tzu Poodle Mix
Dog,Bessy,Bess,120,Labrador
Cat,Romanovski,Romi,60,Domestic Short Hair
Cat,Fifi La Pou,Fifi,24,Domestic Long Haired
Cat,Georgie Porgie,Georgie ,12,Domestic Short Hair
Dog,Dakota,Woobis,156,Mix
Dog,Altrichter,Cooper,108,Golden Retriever
Dog,Tucker,Tuck,84,Golden Retriever
Cat,Milo,Milo,156,Tabby
Betta Fish,Pepperwood,Pepperwood,12,Betta
Cat,Jameson Chewbacca,Jamie,180,American Shorthair
Dog,Penny Bellew,Penny,72,Labrador
Cat,Buddy,Buddy,24,Unknown
Cat,Cat Jenkins,Cat,24,Unknown
Cat,Crouton,Crouton,36,Unknown
Dog,Morena,Morena,24,Corgi
Cat,Samus Aran,Samus,168,Tabby
Dog,Brownie,Bub,156,Maltipoo
Dog,Mose Schrute,Mose,24,German Shepherd
Dog,Rocky,Rocky,72,Corgidor
Cat,Rosalind Franklin,Rosie,12,Unknown
Cat,Harley Quinn,Baby Kitty,60,Unknown
Betta Fish,Sushi,Sushi,24,Betta
Cat,Mister Beans,Mister Beans,120,Grey Domestic Short Hair
Goldfish,Lord Baphomet: Destroyer Of Worlds,Baphomet,Unknown,Unknown
Dog,Tyler John ,Ty,144,Rhodesian Ridgeback
Cat,Adanac,Chunky,24,American Shorthair
Cat,Callister,Callibean,24,American Shorthair
Dog,Tux,Tux,108,Black Labrador RetrieverMix
Dog,Ruby,Ruby,36,"Mixed - Coonhound, Beagle"
Dog,Pooch-k,Pooch k The Pooch,84,Mutt
Dog,Scooby,Scoobers,12,Mutt
Cat,Dwayne,Mr. Baby Dwayne,36,American Shorthair
Cat,Alice,Spippy,132,American Shorthair
Dog,Lloyd,Lloyd,132,Golden Retriever
Cat,Bo Schembeckler,Kitty,180,Short Hair
Dog,Ishka,Ish,96,Golden Retriever
Dog,Millie,Millie,18,Border Collie
Dog,Rossa,Ross,60,Golden Retriever
Dog,Wookie,Wookie,84,Goldendoodle
Dog,Tucker,Tucker,24,Lab
Dog,Keifer,Keifer,168,Yellow Lab
Dog,Frankie,Frankie,84,Husky Mix
Cat,Tenzing,Tenzing,144,Shorthair Calico
Dog,Sammy,Sam,60,"Mixed - Jrt, Miniature Pincher"
Dog,Barrett,Barrett,36,German Shepherd
Dog,Benjamin,Benj,24,"Mixed - Border Collie, Belgian Malinois"
Dog,Laney,Laney,144,Golden Retriever
Dog,Dixie,Lady,36,American Pitbull
Dog,Diesel,Diesel,36,"Mixed - Pit Bull, Unknown"
Hamster,Hamtaro,Hamtaro,Unknown,Unknown
Dog,Baxter,Baxter,90,Golden Retriever
Dog,Riley Marie,Riley,156,Cocker Spaniel
Dog,Reginald Fonzerelli Hawkes,Reg,144,Goldendoodle
Cat,Molly,Molly,72,Unknown
Cat,Kevin,Booboo,36,Unknown
Dog,Erik,Earwig,48,Wirehaired Dachshund
Dog,Oliver,Oli,96,Jack Russell
Spiney Leaf Insect,Thing One,Her,12,Unknown
Dog,Bilbo Spud Doggins,Bilbo,60,"Mixed - Corgi, Cocker Spaniel "
Dog,Bailey Woofer,Bailey,156,Cocker Spaniel
Cat,Roy Lee Laramie,Roy,120,Unknown
Cat,Petunia,Tuney,96,Unknown
Dog,Skyy Like The Vodka,Skyy,36,Husky
Gecko,Stubbs,Stubs,180,Leopard Gecko
Dog,Malibu Like The Rum,Malibu,12,Golden Retriever
Dog,Golden Tate,Tate,24,Golden Retriever
Dog,Bear,Bear,12,Labrador Retriever
Dog,Stanley,Stan,12,Miniature Schnauzer
Cat,Coco,Coco,48,Short Hair
Dog,Andromeda Mae,Andie,72,Goldendoodle
Dog,Eloise Gertrude,Ellie,24,Labradoodle
Dog,Lady Bonnie Of Coventry,Bonnie,96,Black Labrador RetrieverMix
Cat,Ophelia Marie Kitkat Mcdougle Omalley Jr.,Ophelia,108,Unknown
Cat,Sie Isaac Newton,Newton,192,Unknown
Cat,Black Cat,Bc,36,Unknown
Dog,Gibson,Gibby,30,"Mixed - Pit Bull, Unknown"
Dog,Brewskie,Brew,132,Puggle
Cat,Wolfgang Motzart,Wolfie,84,American Shorthair
Dog,Koli,Koli,132,"Mixed - Yorker Terrier, Silky Terrier "
Dog,Moxie Jean Narice,Moxie,12,German Shepherd
Dog,Dancer Pants,Dancer,204,Havanese
Cat,Kitty Or The Cat ,Kitty,12,Unknown
Betta Fish,Blueberry,Blue,12,Betta
